term,name,ename,sex,party,partyGroup,areaName,committee,onboardDate,degree,tel,experience,fax,addr,picUrl,leaveFlag,leaveDate,leaveReason,
11,丁學忠,TINGHsueh-Chung,男,中國國民黨,中國國民黨,雲林縣第1選舉區,第11屆第1會期：內政委員會;第11屆第2會期：內政委員會;,2024/02/01,國立虎尾科技大學碩士學位,國會研究室：02-2358-8156;虎尾聯合服務處：05-633-3789;北港聯合服務處：05-783-1116,第18、19屆虎尾鎮鎮長第19、20屆虎尾鎮民代表會主席雲林縣鄉鎮市民代表會主席聯誼會會長第18屆虎尾鎮民代表雲林縣體育會副理事長雲林縣虎尾鎮體育會理事長崇德國中第4屆校友會理事長虎尾鎮立仁國小家長會長,國會研究室：02-2358-8165;虎尾聯合服務處：05-632-9166;北港聯合服務處：05-783-1171,國會研究室：100224台北市中正區濟南路1段3之1號0708室;虎尾聯合服務處：632004雲林縣虎尾鎮德興里北平路26號;北港聯合服務處：651002雲林縣北港鎮西勢里民主路71-5號,http://www.ly.gov.tw//Images/Legislators/110001.jpg,否,,,
11,牛煦庭,NIU，Hsu-Ting,男,中國國民黨,中國國民黨,桃園市第1選舉區,第11屆第1會期：內政委員會;第11屆第2會期：內政委員會;,2024/02/01,龜山國小、大有國中、武陵高中;國立政治大學外交學系學士;倫敦政經學院（LSE）國際政治經濟學碩士,國會研究室：02-2358-8241;龜山服務處：03-397-3543;蘆竹服務處：03-222-2714,第二屆、第三屆桃園市議員國民黨桃園市黨部發言人國民黨桃園市黨部 「國民學堂」 專案執行秘書、執行長桃園市五人制足球協會總幹事,國會研究室：02-2358-8245;龜山服務處：03-329-9209,國會研究室：100221台北市中正區青島東路1號3111室;龜山服務處：333010桃園巿龜山區文化二路185巷10號1樓;蘆竹服務處：338018桃園巿蘆竹區新南路一段124號,http://www.ly.gov.tw//Images/Legislators/110002.jpg,否,,,
11,王世堅,WANGSHIH-CHIEN,男,民主進步黨,民主進步黨,臺北市第2選舉區,第11屆第1會期：財政委員會;第11屆第2會期：財政委員會;,2024/02/01,文化大學應用化學研究所碩士,國會研究室：02-2358-6868,第8.9.11.12.13.14屆台北市議員                               第6屆立法委員,國會研究室：02-2358-6870,國會研究室：100221台北市中正區青島東路1號3203室,http://www.ly.gov.tw//Images/Legislators/110003.jpg,否,,,
11,王育敏,YU MIN WANG,女,中國國民黨,中國國民黨,全國不分區及僑居國外國民,第11屆第1會期：社會福利及衛生環境委員會;第11屆第2會期：社會福利及衛生環境委員會;,2024/02/01,東海大學社會工作學系學士;東海大學社會工作學系碩士,國會研究室：02-2358-6296,兒童福利聯盟基金會執行長總統府人權諮詢小組委員立法委員中國國民黨文傳會主委、副秘書長台中市副市長第八、九屆立法委員,國會研究室：02-2358-6300,國會研究室：100008台北市中正區青島東路10號3505室,http://www.ly.gov.tw//Images/Legislators/110004.jpg,否,,,
11,王定宇,WANGTING-YU,男,民主進步黨,民主進步黨,臺南市第6選舉區,第11屆第1會期：外交及國防委員會;第11屆第2會期：外交及國防委員會;,2024/02/01,國立臺北大學企業管理博士;國立成功大學企業管理碩士;國立成功大學外文系,國會研究室：02-2358-8211;南關線服務處：06-330-2318;東區服務處：06-238-8088,台南市第15、16屆市議員第一屆臺南直轄市議員第九、十、十一屆立法委員民進黨第15~20屆中執委民進黨第18~20屆中常委,國會研究室：02-2358-8215;南關線服務處：06-338-7412;東區服務處：06-236-6188,國會研究室：100221台北市中正區青島東路1號3205室;南關線服務處：711012台南市歸仁區中山路三段70號;東區服務處：701011台南市東區裕農路296-21號,http://www.ly.gov.tw//Images/Legislators/110005.jpg,否,,,
11,王美惠,WangMei-Hui,女,民主進步黨,民主進步黨,嘉義市選舉區,第11屆第1會期：內政委員會;第11屆第1會期：經費稽核委員會;第11屆第2會期：內政委員會;第11屆第2會期：經費稽核委員會;,2024/02/01,國立嘉義大學管理碩士;大同技術學院,國會研究室：02-2358-8561;嘉義服務處：05-277-9699,民主進步黨全國黨代表立法院第十屆立法委員立法院第十屆第4、5會期經費稽核委員會立法院第十屆第6會期內政委員會擔任召集委員立法院第十屆第5會期民進黨黨團副書記長嘉義市議會第七、八、九、十屆議員前嘉義市議員江熙哲服務處主任,國會研究室：02-2358-8565;嘉義服務處：05-277-6029,國會研究室：100224台北市中正區濟南路1段3之1號1105室;嘉義服務處：600013嘉義市東區公明路152號,http://www.ly.gov.tw//Images/Legislators/110006.jpg,否,,,
11,王鴻薇,wang hung wei,女,中國國民黨,中國國民黨,臺北市第3選舉區,第11屆第1會期：財政委員會;第11屆第2會期：財政委員會;第11屆第2會期：程序委員會;,2024/02/01,國立政治大學新聞學系;北一女中;仁愛國中;民權國小,國會研究室：02-2358-8356,第10.11屆立法委員臺北市議會第10、11、12、13、14屆議員聯合報大台北中心主任聯合報經濟組組長、召集人聯合晚報經濟組組長,國會研究室：02-2358-8050,國會研究室：100224台北市中正區濟南路1段3之1號0203室,http://www.ly.gov.tw//Images/Legislators/110007.jpg,否,,,
11,伍麗華Saidhai‧Tahovecahe,WuLi-Hua,女,民主進步黨,民主進步黨,山地原住民選舉區,第11屆第1會期：財政委員會;第11屆第2會期：財政委員會;,2024/02/01,國立屏東大學教育行政研究所博士;屏東師範學院國民教育硏究所碩士（85年－87年）;屏東師範學院（80年－84年）;屏東師專（73年－78年）,國會研究室：02-2358-8258;屏東服務處：08-723-5625,屏東縣立泰武國小校長屏東縣立地磨兒國小校長屏東縣國教輔導團國語文領域輔導員、主任輔導員、課程督學、召集人南一書局國語文領域教科書編輯委員屏東縣原住民族教育政策發展委員教育部原住民族教育政策委員屏東縣原住民族語言發展委員國立屏東教育大學社發系/文經系兼任講師（現國立屏東大學）屏東縣原住民部落大學校長行政院原住民基本法第一屆推動委員十二年國民基本教育總綱研修代表委員十二年國民基本教育原住民族語文領域副召集人台灣創教育協會理事原住民族文化事業基金會第二屆董事為台灣而教（TFT）基金會第一屆董事新境界文教基金會原住民小組/教育小組總統府原住民族歷史正義與轉型正義委員會委員教育部USR推動中心委員屏東縣仁愛國小傑出校友高雄市私立普門高級中學傑出校友屏東師專傑出校友（現國立屏東大學）屏東縣政府原住民處處長立法院第十屆立法委員民主進步黨原住民族事務部主任,國會研究室：02-2358-8260;屏東服務處：08-723-5625,國會研究室：100224台北市中正區濟南路1段3之1號2101室;屏東服務處：900021屏東縣屏東市香揚巷58號,http://www.ly.gov.tw//Images/Legislators/110008.jpg,否,,,
11,江啟臣,CHIANG CHI-CHEN,男,中國國民黨,中國國民黨,臺中市第8選舉區,第11屆第1會期：外交及國防委員會;第11屆第2會期：外交及國防委員會;,2024/02/01,美國南卡羅萊納大學國際關係博士;美國匹茲堡大學公共暨國際事務學院國際事務碩士;國立政治大學外交學系學士;台中一中;豐南國中;瑞穗國小,副院長室：02-2358-6726;豐原服務處：04-2515-9998;東勢服務處：04-2577-3099,中華民國第八、九、十屆立法委員立法院中華民國與新加坡國會議員友好協會會長台灣-英國國會議員友好協會會長立法院外交及國防委員會召集委員財團法人新北市啟思民本教育基金會董事長中國國民黨主席中國國民黨立法院黨團第九屆第六、七會期總召中國國民黨立法院黨團第九屆第二會期書記長行政院新聞局局長、東吳大學政治系專任副教授台灣經濟研究院國際處代處長中華台北APEC研究中心副執行長太平洋經濟合作理事會（PECC）中華民國委員會副秘書長台灣新世代關懷協會理事長行政院一等功績獎章時代雜誌（TIME）評選為「次世代百大人物」中央社二○○六年台灣十大潛力人物,副院長室：02-2358-6730;豐原服務處：04-2515-6798;東勢服務處：04-2577-3167,副院長室：100224台北市中正區濟南路1段3之1號12樓;豐原服務處：420076臺中市豐原區豐原大道四段165號;東勢服務處：423020臺中市東勢區公園路36號,http://www.ly.gov.tw//Images/Legislators/110009.jpg,否,,,
11,何欣純,HO HSIN-CHUN,女,民主進步黨,民主進步黨,臺中市第7選舉區,第11屆第1會期：交通委員會;第11屆第2會期：交通委員會;,2024/02/01,英國約克大學婦女研究碩士;國立成功大學;臺中女中;成功國中;塗城國小,國會研究室：02-2358-8388;大里服務處：04-2483-6527;太平服務處：04-2276-3111,第八、九、十、十一屆立法委員立法院民主進步黨黨團幹事長、書記長立法院教育及文化委員會、交通委員會召集委員第一屆大臺中市議員第十五、十六屆臺中縣議員,國會研究室：02-2358-8390;大里服務處：04-2482-8743;太平服務處：04-2276-3555,國會研究室：100224台北市中正區濟南路1段3之1號0301室;大里服務處：412015臺中市大里區大里路62號;太平服務處：411042臺中市太平區新平路二段142號,http://www.ly.gov.tw//Images/Legislators/110010.jpg,否,,,
11,吳沛憶,WUPEI-YI,女,民主進步黨,民主進步黨,臺北市第5選舉區,第11屆第1會期：教育及文化委員會;第11屆第2會期：教育及文化委員會;,2024/02/01,清華大學社會學研究所碩士;台灣大學政治學系政治理論組學士;景美女中,國會研究室：02-2358-6166,第13、14屆台北市議員美國國務院國際領袖台灣代表新境界智庫文化政策諮詢委員蔡英文總統競選總部副主任民進黨發言人台北市體育總會理事東園球類運動推廣協會榮譽理事長,國會研究室：02-2358-6170,國會研究室：100224台北市中正區濟南路1段3之1號0408室,http://www.ly.gov.tw//Images/Legislators/110011.jpg,否,,,
11,吳宗憲,WuTsung-Hsien,男,中國國民黨,中國國民黨,全國不分區及僑居國外國民,第11屆第1會期：司法及法制委員會;第11屆第1會期：程序委員會;第11屆第2會期：司法及法制委員會;第11屆第2會期：程序委員會;,2024/02/01,國立台灣大學工業工程碩士,國會研究室：02-2358-6411,檢察官警察大學講師台中科大副教授級專門技術人員人工智慧法律國際研究基金會副執行長台灣大學公衛學院健康政策管理所博士生,國會研究室：02-2358-6415,國會研究室：100224台北市中正區濟南路1段3之1號2117室,http://www.ly.gov.tw//Images/Legislators/110012.jpg,否,,,
11,吳秉叡,WuPing-Jui,男,民主進步黨,民主進步黨,新北市第4選舉區,第11屆第1會期：財政委員會;第11屆第2會期：財政委員會;,2024/02/01,士林國小;士林國中;成功高中;國立政治大學法律系法學組學士;國立政治大學法律研究所碩士,國會研究室：02-2358-6851;新北總服務處：02-8522-5786;大新莊服務處：02-2276-8287;福營服務處：02-2208-3852,野百合學運政大學生代表司法官訓練所29期臺東地方法院法官臺灣司法改革連線成員律師凱達格蘭學校國策班第1期臺北縣政府縣長機要秘書第6屆立法委員民進黨臺北縣、新北市黨部主委第8屆立法委員第8屆第4、5會期黨團書記長第9屆立法委員第9屆第1、2會期黨團幹事長第10屆立法委員第11屆立法委員,國會研究室：02-2358-6859;新北總服務處：02-8522-5726;大新莊服務處：02-2277-5657;福營服務處：02-2208-3853,國會研究室：100224台北市中正區濟南路1段3之1號0902室;新北總服務處：242043新北市新莊區化成路814巷1號;大新莊服務處：242026新北市新莊區中榮街17號;福營服務處：242051新北市新莊區後港一路130巷17號1樓,http://www.ly.gov.tw//Images/Legislators/110013.jpg,否,,,
11,吳思瑤,WuSzu-Yao,女,民主進步黨,民主進步黨,臺北市第1選舉區,第11屆第1會期：司法及法制委員會;第11屆第2會期：司法及法制委員會;,2024/02/01,台灣大學政治學研究所碩士;輔仁大學西語系、日語系文學雙學士,國會研究室：02-2358-8131;北投服務處：02-2820-5800,第九、十屆立法委員第十、十一、十二屆台北市議員民進黨發言人民進黨中執委、中評委、中常委2010美國國務院政治菁英領袖計劃台灣政界代表台灣女子棒球運動推廣協會榮譽理事長國立臺北藝術大學文化資產與藝術創新博士班,國會研究室：02-2358-8135;北投服務處：02-2820-3500,國會研究室：100221台北市中正區青島東路1號3108室;北投服務處：112059臺北市北投區承德路七段196號,http://www.ly.gov.tw//Images/Legislators/110014.jpg,否,,,
11,吳春城,WUCHUN-CHENG,男,台灣民眾黨,台灣民眾黨,全國不分區及僑居國外國民,第11屆第1會期：教育及文化委員會;第11屆第2會期：教育及文化委員會;,2024/02/01,復旦大學管理學博士;中山大學法學碩士;中央大學文學士,國會研究室：02-2358-8116,壯世代教科文協會理事長馬偕醫學院暨馬偕醫護專校董事戰國策傳播集團創辦人世新大學兼任副教授台灣國際公共關係協會理事長復旦大學台灣校友會理事長2023台灣廣告業卓越貢獻獎2023亞洲年度品牌金獎得獎人2022獲選公關影響力人物國立中央大學傑出校友,國會研究室：02-2358-8120,國會研究室：100224台北市中正區濟南路1段3之1號2103室,http://www.ly.gov.tw//Images/Legislators/110015.jpg,否,,,
11,吳琪銘,wuchi-ming,男,民主進步黨,民主進步黨,新北市第10選舉區,第11屆第1會期：內政委員會;第11屆第2會期：內政委員會;,2024/02/01,世新大學企業管理學系碩士,國會研究室：02-2358-6316;土城服務處：02-2270-1580;三峽服務處：02-2673-2636,立法院民進黨團副書記長                 新北市消防局義勇消防隊第五大隊大隊長    新北市雲林同鄉會總召集人               新北市慢速壘球委員會理事長新北市礦工協會榮譽理事長大漢溪文教基金會常務董事新北市議員台北縣議員任務型國大代表土城市市民代表,國會研究室：02-2358-6320;土城服務處：02-2270-0802;三峽服務處：02-8671-6968,國會研究室：100224台北市中正區濟南路1段3之1號0606室;土城服務處：236003新北市土城區金城路三段172-1號;三峽服務處：237001新北市三峽區中正路一段212號,http://www.ly.gov.tw//Images/Legislators/110016.jpg,否,,,
11,呂玉玲,LUYU-LING,女,中國國民黨,中國國民黨,桃園市第5選舉區,第11屆第1會期：經濟委員會;第11屆第2會期：經濟委員會;,2024/02/01,中原大學商學院企業管理學系碩士;桃園創新技術學院企業管理系;育達商職;中壢國中;中壢國小,國會研究室：02-2358-6836;平鎮服務處：03-401-5616;龍潭服務處：03-409-6688,第八、九、十屆立法委員珍珠國際同濟會第十屆會長婦聯青溪桃園縣支會主委桃園市守望相助大隊平鎮中隊中隊長國立中央大學客家書院執行委員平鎮市社區營造協會理事長平鎮市體育會理事長桃園縣平鎮市婦女會理事長,國會研究室：02-2358-6840;平鎮服務處：03-401-0616;龍潭服務處：03-409-7899,國會研究室：100224台北市中正區濟南路1段3之1號0903室;平鎮服務處：324008桃園市平鎮區復興街68號;龍潭服務處：325012桃園市龍潭區華南路一段135號,http://www.ly.gov.tw//Images/Legislators/110017.jpg,否,,,
11,李坤城,LEE KUEN-CHENG,男,民主進步黨,民主進步黨,新北市第3選舉區,第11屆第1會期：財政委員會;第11屆第2會期：財政委員會;,2024/02/01,政治大學社會學研究所碩士;政治大學公共行政系法學學士;台北市立建國中學,國會研究室：02-2358-6541;三重服務處：02-2282-3889,新北市議會第1、2、3屆市議員台灣大學博士候選人美國國務院邀請國際領袖人才參訪計畫訪問學人（IVLP）新北市議會民進黨黨團總召行政院院長室專門委員綠色和平電台主持人,國會研究室：02-2358-6735;三重服務處：02-2283-3438,國會研究室：100224台北市中正區濟南路1段3之1號1001室;三重服務處：24154新北巿三重區忠孝路一段153號,http://www.ly.gov.tw//Images/Legislators/110018.jpg,否,,,
11,李昆澤,LeeKun-Tse,男,民主進步黨,民主進步黨,高雄市第5選舉區,第11屆第1會期：交通委員會;第11屆第2會期：交通委員會;,2024/02/01,國立中山大學政治學碩士;輔仁大學歷史系,國會研究室：02-2358-6086;高雄服務處：07-386-8292,公督盟評鑑連續22個會期優秀立委蔡英文主席特助陳定南立委特助第六、八、九、十屆立法委員第六屆高雄市議員第三屆國大代表高雄縣政府新聞室主任高雄科技大學國際企業系博士班（在學中）台灣人權促進會總幹事台灣人權雜誌總主筆台灣環保聯盟幹事電器維修工成衣廠縫紉機維修工,國會研究室：02-2358-6090;高雄服務處：07-386-3277,國會研究室：100224台北市中正區濟南路1段3之1號0306室;高雄服務處：807043高雄市三民區大昌二路63號,http://www.ly.gov.tw//Images/Legislators/110019.jpg,否,,,
11,李彥秀,LEE YEN HSIU,女,中國國民黨,中國國民黨,臺北市第4選舉區,第11屆第1會期：財政委員會;第11屆第2會期：財政委員會;,2024/02/01,南港國小;誠正國中;靜修女中;美國加州爾灣大學經濟系,國會研究室：02-2358-6231,美國加州斐伯坦大學企管所研究臺北市議會第八、九、十、十一、十二、十四屆市議員台北市議會國民黨黨團書記長立法院第九屆立法委員立法院中國國民黨黨團書記長中國國民黨婦女部主任中國國民黨副秘書長中國國民黨文化傳播委員會,國會研究室：02-2358-6340,國會研究室：100221台北市中正區青島東路1號3406室,http://www.ly.gov.tw//Images/Legislators/110020.jpg,否,,,
11,李柏毅,Lee Po Yi,男,民主進步黨,民主進步黨,高雄市第3選舉區,第11屆第1會期：內政委員會;第11屆第2會期：內政委員會;,2024/02/01,國立高雄大學高階經營管理碩士;私立東海大學社會科學院政治學系學士,國會研究室：02-2358-6121;左營服務處：07-350-9123;楠梓服務處：07-360-0681,高雄市議會第二、三、四屆市議員高雄市陳菊市長辦公室主任立法院國會助理國立高雄師範大學科學教育暨環境教育研究所博士候選人,國會研究室：02-2358-6315;左營服務處：07-349-2566;楠梓服務處：07-360-0581,國會研究室：100224台北市中正區濟南路1段3之1號0803室;左營服務處：813015高雄巿左營區新莊一路9號;楠梓服務處：811006高雄巿楠梓區三山街91號,http://www.ly.gov.tw//Images/Legislators/110021.jpg,否,,,
11,沈伯洋,SHENPAO-YANG,男,民主進步黨,民主進步黨,全國不分區及僑居國外國民,第11屆第1會期：外交及國防委員會;第11屆第1會期：程序委員會;第11屆第1會期：經費稽核委員會;第11屆第2會期：外交及國防委員會;第11屆第2會期：程序委員會;第11屆第2會期：經費稽核委員會;,2024/02/01,加州大學爾灣分校犯罪與法律社會學博士;賓州大學法學碩士;台大法律法學碩士,國會研究室：02-2358-8296,台北大學犯罪學研究所副教授台灣民主實驗室理事長黑熊學院院長台灣人權促進會執行委員律師,國會研究室：02-2358-8300,國會研究室：100224台北市中正區濟南路1段3之1號0207室,http://www.ly.gov.tw//Images/Legislators/110022.jpg,否,,,
11,沈發惠,SHENFA-HUI,男,民主進步黨,民主進步黨,全國不分區及僑居國外國民,第11屆第1會期：司法及法制委員會;第11屆第1會期：程序委員會;第11屆第2會期：司法及法制委員會;第11屆第2會期：程序委員會;,2024/02/01,東海大學法律系;台大政治學碩士,國會研究室：02-2358-6176;汐止服務處：02-2648-1647,野百合學運決策小組成員第十四、十五屆台北縣議員第六屆立法委員第一、二屆新北市議員民進黨中常委第十屆立法委員,國會研究室：02-2358-6180;汐止服務處：02-2643-3105,國會研究室：100224台北市中正區濟南路1段3之1號0302室;汐止服務處：221020新北巿汐止區民族二街84巷56號,http://www.ly.gov.tw//Images/Legislators/110023.jpg,否,,,
11,林月琴,LIN YUEH CHIN,女,民主進步黨,民主進步黨,全國不分區及僑居國外國民,第11屆第1會期：社會福利及衛生環境委員會;第11屆第1會期：程序委員會;第11屆第2會期：社會福利及衛生環境委員會;第11屆第2會期：程序委員會;,2024/02/01,中央警察大學犯罪防治所博士;輔仁大學社會工作研究所碩士;文化大學家政研究所碩士;具有兒童、少年、婦女及家庭專科社會工作師證照,國會研究室：02-2358-6281,財團法人靖娟兒童安全文教基金會執行長社團法人臺灣兒童權益聯盟副理事長社團法人台灣少年權益與福利促進聯盟理事長東吳大學社會工作學系兼任助理教授,國會研究室：02-2358-6285,國會研究室：100224台北市中正區濟南路1段3之1號2119室,http://www.ly.gov.tw//Images/Legislators/110024.jpg,否,,,
11,林沛祥,LIN  PEI-HSIANG,男,中國國民黨,中國國民黨,基隆市選舉區,第11屆第1會期：交通委員會;第11屆第2會期：交通委員會;,2024/02/01,國立清華大學	博士後研究;拉文大學	公共行政	博士	;南加州大學 公共行政碩士,國會研究室：02-2358-6306,基隆市議會 副議長						國立臺灣海洋大學 講師				國立臺北科技大學	兼任助理	教授基隆港分公司	研究員					臺灣民主基金會	國際組主任,國會研究室：02-2358-6994,國會研究室：100224台北市中正區濟南路1段3之1號0503室,http://www.ly.gov.tw//Images/Legislators/110025.jpg,否,,,
11,林宜瑾,LINI-CHIN,女,民主進步黨,民主進步黨,臺南市第4選舉區,第11屆第1會期：教育及文化委員會;第11屆第2會期：教育及文化委員會;,2024/02/01,成功大學政治經濟學碩士;東吳大學社會學系;家齊女中,國會研究室：02-2358-8316;永康服務處：06-233-9399,立法院第十屆立法委員台南縣市六屆議員及議會黨團總召民進黨中常委、中執委台南市醫師公會、牙醫師公會、中醫師公會顧問台南市教師會、教育產業工會、環保局工會顧問台南市身心障礙者體育協會創會理事長台南市卡巴迪委員會創會主任委員台南市電子競技委員會創會主任委員台南市慢速壘球協會理事長賴清德國大代表服務處主任野百合學運校際代表,國會研究室：02-2358-8320;永康服務處：06-233-9441,國會研究室：100224台北市中正區濟南路1段3之1號0806室;永康服務處：710031台南市永康區中山南路473號,http://www.ly.gov.tw//Images/Legislators/110026.jpg,否,,,
11,林岱樺,Daihua Lin,女,民主進步黨,民主進步黨,高雄市第4選舉區,第11屆第1會期：經濟委員會;第11屆第2會期：經濟委員會;,2024/02/01,私立輔仁大學德文系畢業;美國威斯康辛大學大眾傳播碩士;德國卡賽爾綜合大學德語教學研究結業;台北大學企管博士班研究,國會研究室：02-2358-8021;大寮服務處：07-781-8117,第五、六、七、八、九、十屆立法委員行政院青輔會主委民進黨第10、11屆中央執行委員民進黨第14屆中央評議委員,國會研究室：02-2358-8030;大寮服務處：07-781-8167,國會研究室：100224台北市中正區濟南路1段3之1號0706室;大寮服務處：831140高雄市大寮區力行路61號,http://www.ly.gov.tw//Images/Legislators/110027.jpg,否,,,
11,林俊憲,Lin Chun-Hsien,男,民主進步黨,民主進步黨,臺南市第5選舉區,第11屆第1會期：交通委員會;第11屆第2會期：交通委員會;,2024/02/01,日新國小;大成國中;台南一中畢業;國立成功大學企管系畢業;美國密蘇里大學企管碩士(U of Missouri-MBA),國會研究室：02-2358-6931;中西區服務處：06-299-8266;東區服務處：06-209-1120,臺南市第14、15、16屆市議員賴清德競選臺南市長執行總幹事民主進步黨中央黨部發言人民主進步黨中執委立法院第九屆立法委員立法院第十屆立法委員,國會研究室：02-2358-6935;中西區服務處：06-299-8286;東區服務處：06-209-1150,國會研究室：100224臺北市中正區濟南路一段3之1號1006室;中西區服務處：700021臺南市中西區永華路一段305號;東區服務處：701024臺南市東區裕農路315號,http://www.ly.gov.tw//Images/Legislators/110028.jpg,否,,,
11,林思銘,LINSZU-MING,男,中國國民黨,中國國民黨,新竹縣第2選舉區,第11屆第1會期：司法及法制委員會;第11屆第1會期：程序委員會;第11屆第2會期：司法及法制委員會;第11屆第2會期：程序委員會;,2024/02/01,台灣大學PMLBA碩士班;文化大學法律研究所;東吳大學法律系（78級司法實務組）;新竹縣立二重國民中學;新竹縣立竹中國民小學,國會研究室：02-2358-8226;竹東服務處：03-510-3435;竹北服務處：03-558-7725,第10屆新竹縣第二選區立法委員新竹縣第15、16、17、18、19屆議員(2002～2019)明典法律事務所所長律師擔任律師時期獲頒台灣省政府優良律師,國會研究室：02-2358-8230;竹東服務處：03-511-0231;竹北服務處：03-551-3106,國會研究室：100224台北市中正區濟南路1段3之1號0502室;竹東服務處：310新竹縣竹東鎮杞林路76號1樓;竹北服務處：302新竹縣竹北市縣政二路南段119號,http://www.ly.gov.tw//Images/Legislators/110029.jpg,否,,,
11,林倩綺,Lin Chien-Chi,女,中國國民黨,中國國民黨,全國不分區及僑居國外國民,第11屆第1會期：教育及文化委員會;第11屆第1會期：經費稽核委員會;第11屆第2會期：教育及文化委員會;第11屆第2會期：程序委員會;第11屆第2會期：經費稽核委員會;,2024/02/01,華盛頓大學博士;波士頓音樂學院碩士,國會研究室：02-2358-6377,新北市政府文化局新北市原民局局長高雄縣政府文化局局長考試院典試委員南華大學助理教授,國會研究室：02-2358-6380,國會研究室：100224台北市中正區濟南路1段3之1號2102室,http://www.ly.gov.tw//Images/Legislators/110030.jpg,否,,,
11,林國成,LinKuo-Chen,男,台灣民眾黨,台灣民眾黨,全國不分區及僑居國外國民,第11屆第1會期：交通委員會;第11屆第1會期：程序委員會;第11屆第2會期：交通委員會;第11屆第2會期：程序委員會;,2024/02/01,環球科技大學中小企業經營策略研究所碩士,國會研究室：02-2358-6222,臺北市總工會理事長全國勞工聯合總工會榮譽理事長第10.11.12.13屆臺北市議員,國會研究室：02-2358-6225,國會研究室：100221台北市中正區青島東路1號3302室,http://www.ly.gov.tw//Images/Legislators/110031.jpg,否,,,
11,林淑芬,Lin Shu-Fen,女,民主進步黨,民主進步黨,新北市第2選舉區,第11屆第1會期：社會福利及衛生環境委員會;第11屆第2會期：社會福利及衛生環境委員會;,2024/02/01,彰化女中;中興法商社會系;世新大學社會發展研究所,國會研究室：02-2358-8186;蘆洲服務處：02-8285-6412;五股服務處：02-2291-2995,第十四、十五屆台北縣議員第六、七、八、九、十屆立法委員,國會研究室：02-2358-8190;蘆洲服務處：02-2281-7980;五股服務處：02-2291-2355,國會研究室：100221台北市中正區青島東路1號3202室;蘆洲服務處：247012新北市蘆洲區長興路25號;五股服務處：248007新北市五股區民義路一段37號,http://www.ly.gov.tw//Images/Legislators/110032.jpg,否,,,
11,林楚茵,LIN CHU YIN,女,民主進步黨,民主進步黨,全國不分區及僑居國外國民,第11屆第1會期：外交及國防委員會;第11屆第1會期：程序委員會;第11屆第2會期：外交及國防委員會;第11屆第2會期：程序委員會;,2024/02/01,東吳大學政治系,國會研究室：02-2358-6526,環球電視台、中天電視台、ETToday、TVBS記者集智館公關公司專案經理三立新聞政治中心副主任、採訪中心副主任三立前進新台灣節目主持人,國會研究室：02-2358-6530,國會研究室：100224台北市中正區濟南路1段3之1號0802室,http://www.ly.gov.tw//Images/Legislators/110033.jpg,否,,,
11,林德福,LIN TE FU,男,中國國民黨,中國國民黨,新北市第9選舉區,第11屆第1會期：財政委員會;第11屆第2會期：財政委員會;,2024/02/01,臺北縣立頂溪國小畢業;臺灣省立板橋中學畢業;私立開南高級商工職業學校畢業,國會研究室：02-2358-6995;永和服務處：02-2232-9899,台北縣永和市市民代表、代表會副主席台北縣永和市市長新店高中文教基金會董事長國立政治大學法律實務班結業開南大學副董事長中華民國第五、六、七、八、九、十屆立法委員中國國民黨副秘書長、立法院黨團書記長立法院第九屆第四、五會期中國國民黨黨團總召兼政策會執行長,國會研究室：02-2358-6999;永和服務處：02-3233-4625,國會研究室：100221台北市中正區青島東路1號3201室;永和服務處：234012新北市永和區永和路二段403號,http://www.ly.gov.tw//Images/Legislators/110034.jpg,否,,,
11,林憶君,LINYI-CHUN,女,台灣民眾黨,台灣民眾黨,全國不分區及僑居國外國民,第11屆第1會期：外交及國防委員會;第11屆第2會期：外交及國防委員會;,2024/02/01,大仁科技大學製藥科技研究所碩士;嘉南藥理大學藥學系(原嘉南藥專),國會研究室：02-2358-8181,中華民國藥師公會全國聯合會秘書長、副秘書長花蓮縣藥師公會理事長大仁科技大學校友總會理事,國會研究室：02-2358-8185,國會研究室：100224台北市中正區濟南路1段3之1號0905室,http://www.ly.gov.tw//Images/Legislators/110035.jpg,否,,,
11,邱志偉,CHIU CHIH-WEI,男,民主進步黨,民主進步黨,高雄市第2選舉區,第11屆第1會期：經濟委員會;第11屆第2會期：經濟委員會;,2024/02/01,台南一中;淡江大學俄羅斯研究所法學碩士;國立臺灣大學國家發展研究所法學碩士;國立中山大學大陸研究所社會科學博士;英國劍橋大學國際關係研究所;國立臺灣大學EMBA碩士班,國會研究室：02-2358-6561;岡山服務處：07-623-0655;路竹服務處：07-696-8050;梓官服務處：07-610-7303;橋頭服務處：07-623-0655;彌陀聯絡處：07-623-0655;茄萣服務處：07-690-9981;湖內服務處：07-699-0605,第八、九、十屆立法委員高雄市政府民政局 局長高雄縣政府民政處 處長高雄縣政府新聞室 主任中華民國修憲國民大會代表南華大學旅遊事業管理系助理教授義守大學兼任助理教授,國會研究室：02-2358-6565;岡山服務處：07-623-0671;路竹服務處：07-696-8052;梓官服務處：07-610-7383;茄萣服務處：07-690-9961,國會研究室：100224台北市中正區濟南路1段3之1號0607室;岡山服務處：820111高雄市岡山區中山南路385號;路竹服務處：821008高雄市路竹區國昌路193號;梓官服務處：826002高雄市梓官區梓官路361號;橋頭服務處：82541高雄市橋頭區隆豐路184號;彌陀聯絡處：827010高雄市彌陀區鹽埕大路75號;茄萣服務處：852002高雄市茄萣區進學路41號;湖內服務處：82947高雄市湖內區湖中路242巷12弄26號,http://www.ly.gov.tw//Images/Legislators/110036.jpg,否,,,
11,邱若華,Chiu Jo-Hua,女,中國國民黨,中國國民黨,桃園市第6選舉區,第11屆第1會期：交通委員會;第11屆第2會期：交通委員會;,2024/02/01,英國布萊頓大學商學院碩士,國會研究室：02-2358-6196,中國國民黨黃復興黨部 黃國園委員會副主委桃園榮民社團顧問新住民委員會顧問桃園市愛心服務協會 顧問桃園市馬祖同鄉會 顧問桃園市營丘婦女會 秘書中壢婦女會顧問八德婦女會顧問大溪婦女會顧問復興婦女會顧問桃園市中壢區 ( 丘 ) 邱姓宗親會 秘書桃園市中壢區 ( 丘 ) 邱姓青年會 秘書桃園市議會議長邱奕勝服務處 秘書,國會研究室：02-2358-6200,國會研究室：100224台北市中正區濟南路1段3之1號0208室,http://www.ly.gov.tw//Images/Legislators/110037.jpg,否,,,
11,邱鎮軍,CHIUCHENG-CHUN,男,中國國民黨,中國國民黨,苗栗縣第2選舉區,第11屆第1會期：社會福利及衛生環境委員會;第11屆第2會期：社會福利及衛生環境委員會;,2024/02/01,國立暨南國際大學高階經營管理碩士,國會研究室：02-2358-6236;苗栗服務處：037-368-811,苗栗縣苗栗市第11、12屆市長苗栗縣議會第18屆議員中國國民黨苗栗青工會副會長中國國民黨第20、21屆全國黨代表中國國民黨苗栗市黨部第35、36屆主任委員中國國民黨苗栗縣黨部第27、28屆委員,國會研究室：02-2358-6240;苗栗服務處：037-368-877,國會研究室：100224台北市中正區濟南路1段3之1號1108室;苗栗服務處：360005苗栗市英才路97號;頭份服務處：351027苗栗縣頭份市中山路187號,http://www.ly.gov.tw//Images/Legislators/110038.jpg,否,,,
11,邱議瑩,Chiu Yi Ying,女,民主進步黨,民主進步黨,高雄市第1選舉區,第11屆第1會期：經濟委員會;第11屆第2會期：經濟委員會;,2024/02/01,國立臺灣大學管理學院碩士在職專班(EMBA);美國舊金山多明尼肯大學企業管理研究所碩士;高雄市道明中學,國會研究室：02-2358-6516;美濃服務處：07-681-8755,第五、七、八、九、十、十一屆立法委員客家委員會副主任委員民主進步黨第十六屆中央執行委員民主進步黨第八、九、十一、十五屆中央常務委員民主進步黨第十三、十四屆中央評議委員第三屆國民大會代表,國會研究室：02-2358-6520;美濃服務處：07-681-8677,國會研究室：100224台北市中正區濟南路1段3之1號0801室;美濃服務處：843008高雄市美濃區泰安路228號,http://www.ly.gov.tw//Images/Legislators/110039.jpg,否,,,
11,柯志恩,Ko Chih-En,女,中國國民黨,中國國民黨,全國不分區及僑居國外國民,第11屆第1會期：教育及文化委員會;第11屆第2會期：教育及文化委員會;,2024/02/01,美國南加大教育心理學博士;美國密西根州立大學教育碩士;國立政治大學教育系學士,國會研究室：02-2358-6876;高雄服務處：07-225-5108,國家政策研究基金會執行長第九屆立法委員中國國民黨副秘書長兼婦女部主任淡江大學學務長淡江大學教心所專任教授高等教育評鑑中心心理學門評鑑委員新聞局電視金鐘獎最佳教育文化節目主持人新聞局金鼎獎最佳圖書著作得獎人,國會研究室：02-2358-6880;高雄服務處：07-225-1883,國會研究室：100224台北市中正區濟南路1段3之1號0401室;高雄服務處：807026高雄巿三民區建國一路463號,http://www.ly.gov.tw//Images/Legislators/110040.jpg,否,,,
11,柯建銘,KERCHIEN-MING,男,民主進步黨,民主進步黨,全國不分區及僑居國外國民,第11屆第1會期：司法及法制委員會;第11屆第2會期：司法及法制委員會;,2024/02/01,中山醫學院牙醫學系,國會研究室：02-2358-6106;新竹服務處：03-526-9880,第二、三、四、五、六、七、八、九、十屆立法委員立法院民進黨黨團總召集人、副總召集人、幹事長、副幹事長民進黨代理黨主席、中常委、財務委員會主任委員、政策會執行長立法院經濟委員會、預算委員會及程序委員會等委員會召集人立法院科技協進會召集人、環保修法聯盟發起人、永續發展促進會發起人國家資訊基礎建設(NII)民間諮詢委員會委員兼法規組召集人,國會研究室：02-2358-6110;新竹服務處：03-523-2902,國會研究室：100224台北市中正區濟南路1段3之1號2118室;新竹服務處：300030新竹市北區四維路15號3樓,http://www.ly.gov.tw//Images/Legislators/110041.jpg,否,,,
11,洪申翰,HUNGSUN-HAN,男,民主進步黨,民主進步黨,全國不分區及僑居國外國民,第11屆第1會期：外交及國防委員會;,2024/02/01,台北市立建國高級中學;國立台灣大學大氣科學系肄業,國會研究室：02-2358-6081,綠色公民行動聯盟副秘書長行政院能源及減碳辦公室專家委員行政院環境保護署資料開放諮詢小組專家委員台北市公民參與委員會委員財團法人青平台基金會董事第10屆立法委員,國會研究室：02-2358-6085,國會研究室：100221台北市中正區青島東路1號3206室,http://www.ly.gov.tw//Images/Legislators/110042.jpg,是,2024/11/25,辭職,
11,洪孟楷,HungMong-Kai,男,中國國民黨,中國國民黨,新北市第1選舉區,第11屆第1會期：教育及文化委員會;第11屆第1會期：程序委員會;第11屆第2會期：教育及文化委員會;,2024/02/01,・美國南加州大學國際公共政策及管理系碩士;・國立台灣大學政治學系碩士,國會研究室：02-2358-6811;林口服務處：02-2608-2100;北海岸服務處：02-2629-0133;泰山服務處：02-8531-5600;八里聯絡處：0917-159-190;三芝聯絡處：0953-466-990;石門聯絡處：0953-466-990,・第10屆立法委員・國民黨團副書記長・交通委員會召集委員・立法院動物福利促進會發起人・嘉義市政府文化局局長,國會研究室：02-2358-6815;林口服務處：02-8601-8916;北海岸服務處：02-2629-0133;泰山服務處：02-2900-0210;八里聯絡處：02-2358-6815;三芝聯絡處：02-2358-6815;石門聯絡處：02-2358-6815,國會研究室：100224台北市中正區濟南路1段3之1號2111室;林口服務處：244017新北市林口區文化三路二段291號;北海岸服務處：251012新北市淡水區淡金路二段511號;泰山服務處：243093新北市泰山區明志路二段185號;八里聯絡處：249002新北市八里區華峰三街46號;三芝聯絡處：252005新北市三芝區智成街18號;石門聯絡處：253002新北市石門區中山路70號,http://www.ly.gov.tw//Images/Legislators/110043.jpg,否,,,
11,范雲,Yun FAN,女,民主進步黨,民主進步黨,全國不分區及僑居國外國民,第11屆第1會期：教育及文化委員會;第11屆第1會期：程序委員會;第11屆第2會期：教育及文化委員會;第11屆第2會期：程序委員會;,2024/02/01,淡水國小;淡水國中;北一女中;台大社會系學士、碩士;耶魯大學社會學碩士、博士,國會研究室：02-2358-6056;新竹縣服務處：03-550-5243,第十屆立法委員台大社會系副教授中華民國無任所大使婦女新知基金會董事長、董事、監事林義雄競選民進黨主席特別助理英國倫敦大學亞非學院訪問學人中央研究院助理研究員,國會研究室：02-2358-6060;新竹縣服務處：03-550-8514,國會研究室：100221台北市中正區青島東路1號3301室;新竹縣服務處：302050新竹縣竹北市成功六街163號,http://www.ly.gov.tw//Images/Legislators/110044.jpg,否,,,
11,徐巧芯,HSUCHIAO-HSIN,女,中國國民黨,中國國民黨,臺北市第7選舉區,第11屆第1會期：外交及國防委員會;第11屆第2會期：外交及國防委員會;,2024/02/01,國立政治大學政治學系;臺北市立中崙高級中學高中部;臺北市立中崙高級中學國中部;臺北市立光復國民小學,國會研究室：02-2358-6286;服務處：02-2758-0731,第 14屆台北市議員第 13屆台北市議員馬英九卸任元首辦公室發言人國際青年民主聯盟副主席國安青年智庫發起人,國會研究室：02-2358-6290,國會研究室：100224台北市中正區濟南路1段3之1號0303室;服務處：110013臺北巿信義區莊敬路209號,http://www.ly.gov.tw//Images/Legislators/110045.jpg,否,,,
11,徐欣瑩,Hsu Hsin-Ying,女,中國國民黨,中國國民黨,新竹縣第1選舉區,第11屆第1會期：內政委員會;第11屆第2會期：內政委員會;,2024/02/01,國立交通大學土木系博士、碩士;國立成功大學測量工程學系學士;台北市立中山女子高級中學;新竹縣立新豐國中;新竹縣立山崎國小,國會研究室：02-2358-6326;竹北服務處：03-656-0951,第八屆立法委員新竹縣議會第16、17屆縣議員明新科技大學教師專業測量技師內政部地政司衛星測量中心研究員專門技術人員高等考試測量技師及格,國會研究室：02-2358-6330;竹北服務處：03-558-5811,國會研究室：100224台北市中正區濟南路1段3之1號0605室;竹北服務處：302010新竹縣竹北市光明六路297號,http://www.ly.gov.tw//Images/Legislators/110046.jpg,否,,,
11,徐富癸,HSUFU-KUEI,男,民主進步黨,民主進步黨,屏東縣第2選舉區,第11屆第1會期：交通委員會;第11屆第2會期：交通委員會;,2024/02/01,屏東高中;國立藝專廣播電視科;國立屏東大學教育行政研究所,國會研究室：02-2358-6781;東港服務處：08-832-2331;潮州服務處：08-780-0018,聯合報屏東駐地記者潘孟安立委服務處主任潘孟安縣長辦公室主任屏東縣政府民政處處長,國會研究室：02-2358-6785,國會研究室：100224台北市中正區濟南路1段3之1號0906室;東港服務處：928007屏東縣東港鎮新義路172號;潮州服務處：920004屏東縣潮州鎮四維路106號,http://www.ly.gov.tw//Images/Legislators/110047.jpg,否,,,
11,涂權吉,Tu Chuan-Chi,男,中國國民黨,中國國民黨,桃園市第2選舉區,第11屆第1會期：社會福利及衛生環境委員會;第11屆第2會期：社會福利及衛生環境委員會;,2024/02/01,開南大學碩士;明新工業專科學校;復旦高級中學,國會研究室：02-2358-8286;楊梅服務處：03-478-2568;大園服務處：03-384-2399;觀音服務處：03-476-1101;新屋服務區：03-477-2199,第二、三屆桃園巿議員立法委員廖正井主任立法委員吳志揚秘書楊梅獅子會副會長菁英慢壘協會創會長楊梅高中家長會會長客家藝文協會理事長楊梅國際青年商會會長退伍軍人協會、儲蓄互助社理事長,國會研究室：02-2358-8290;觀音服務處：03-476-1111,國會研究室：100221台北市中正區青島東路1號3405室;楊梅服務處：326015桃園巿楊梅區新農街二段71號;大園服務處：337009桃園巿大園區大興路45號;觀音服務處：328007桃園巿觀音區大觀路二段190之11號;新屋服務區：327007桃園巿新屋區中興路78號,http://www.ly.gov.tw//Images/Legislators/110048.jpg,否,,,
11,翁曉玲,Weng Hsiao-Ling,女,中國國民黨,中國國民黨,全國不分區及僑居國外國民,第11屆第1會期：司法及法制委員會;第11屆第1會期：經費稽核委員會;第11屆第2會期：司法及法制委員會;第11屆第2會期：程序委員會;第11屆第2會期：經費稽核委員會;,2024/02/01,德國慕尼黑大學法學院博士;德國慕尼黑大學法學院碩士;國立中興大學法律學系學士(現改制為國立台北大學),國會研究室：02-2358-8196,清華大學通識教育中心主任2018~2024年1月31日。清大通識中心暨科法所合聘副教授2005年8月~迄今。國家通訊傳播委員會委員2008年8月~2012年7月。台大國發所兼任副教授2014年2月~2017年2月。,國會研究室：02-2358-8310,國會研究室：100224台北市中正區濟南路1段3之1號2120室;電子信箱：ly11275f@ly.gov.tw,http://www.ly.gov.tw//Images/Legislators/110049.jpg,否,,,
11,馬文君,MaWen-Chun,女,中國國民黨,中國國民黨,南投縣第1選舉區,第11屆第1會期：外交及國防委員會;第11屆第2會期：外交及國防委員會;,2024/02/01,逢甲大學經營管理碩士;嘉南藥專（嘉南藥理大學）藥學科;南投縣立大成國中;埔里鎮育英國小,國會研究室：02-2358-6816;埔里服務處：049-242-3248;草屯服務處：049-235-5807,南投縣第十三屆縣議員埔里鎮第十四屆、第十五屆鎮長南投縣家扶中心委員南投縣民防總隊義警大隊長南投縣婦工會總會長立法院 國民黨團副書記長第七、八、九、十屆立法委員,國會研究室：02-2358-6820;埔里服務處：049-290-1626;草屯服務處：049-235-5023,國會研究室：100221台北市中正區青島東路1號3113室;埔里服務處：545015南投縣埔里鎮西寧路36號;草屯服務處：542005南投縣草屯鎮新生路209號,http://www.ly.gov.tw//Images/Legislators/110050.jpg,否,,,
11,高金素梅,KAO CHIN SU-MEI,女,無黨籍,中國國民黨,山地原住民選舉區,第11屆第1會期：內政委員會;第11屆第2會期：內政委員會;,2024/02/01,臺中市青年高級中學,國會研究室：02-2358-6051;屏東服務處：08-787-0220,第5、6、7、8、9、10屆立法委員財團法人癌症關懷基金會董事長財團法人肝炎防治基金會終身義工,國會研究室：02-2358-6055;屏東服務處：08-787-2291,國會研究室：100008台北市中正區青島東路10號3507室;屏東服務處：922026屏東縣來義鄉來義村義新路6巷76號,http://www.ly.gov.tw//Images/Legislators/110051.jpg,否,,,
11,張宏陸,CHANG HUNG LU,男,民主進步黨,民主進步黨,新北市第6選舉區,第11屆第1會期：內政委員會;第11屆第2會期：內政委員會;,2024/02/01,國立台北教育大學教育碩士;東吳大學政治系學士,國會研究室：02-2358-8066;板橋文化路服務處：02-2250-7018,文化大學美國研究所第九、十屆立法委員新北市議員行政院反恐辦公室副主任行政院院長室秘書板橋代理市長台北縣民政局局長,國會研究室：02-2358-8070;板橋文化路服務處：02-2250-7028,國會研究室：100221台北市中正區青島東路1號3305室;板橋文化路服務處：220004新北市板橋區文化路二段124巷6號,http://www.ly.gov.tw//Images/Legislators/110052.jpg,否,,,
11,張啓楷,CHANG CHI-KAI,男,台灣民眾黨,台灣民眾黨,全國不分區及僑居國外國民,第11屆第1會期：經濟委員會;第11屆第1會期：經費稽核委員會;第11屆第2會期：經濟委員會;第11屆第2會期：經費稽核委員會;,2024/02/01,國立台灣大學政治學系碩士;國立中興大學社會學系學士,國會研究室：02-2358-6699,TVBS、年代電視台政論節目主持人年代新聞部副總編彰化縣工商展策進會總幹事,國會研究室：02-2358-6700,國會研究室：100224台北市中正區濟南路1段3之1號0908室,http://www.ly.gov.tw//Images/Legislators/110053.jpg,否,,,
11,張智倫,ChangChih-Lun,男,中國國民黨,中國國民黨,新北市第8選舉區,第11屆第1會期：內政委員會;第11屆第1會期：程序委員會;第11屆第2會期：內政委員會;第11屆第2會期：程序委員會;,2024/02/01,銘傳大學會計學士、美國費爾里&#183;狄金生大學會計碩士;臺灣會計師高考及格、美國紐澤西州執業會計師,國會研究室：02-2358-6861,資誠聯合會計師事務所審計組長、全國會計師聯合工會仲裁推動會主委嘉威聯合會計師事務所中和分所負責人、台北商業大學助理教授國民黨中央委員、國民黨中和區黨部主任委員中和區體育會理事長、財團法人賢清文教基金會執行長中和國中教育發展基金會董事長,國會研究室：02-2358-6865,國會研究室：100224台北市中正區濟南路1段3之1號1005室,http://www.ly.gov.tw//Images/Legislators/110054.jpg,否,,,
11,張雅琳,Ngalim Tiunn,女,民主進步黨,民主進步黨,全國不分區及僑居國外國民,第11屆第1會期：教育及文化委員會;第11屆第1會期：程序委員會;第11屆第1會期：經費稽核委員會;第11屆第2會期：教育及文化委員會;第11屆第2會期：程序委員會;第11屆第2會期：經費稽核委員會;,2024/02/01,海洋大學航運管理系學士,國會研究室：02-2358-8111,阿爾斯特大學傳播公關碩士還我特色公園行動聯盟理事長衛福部兒少事故委員會委員賽諾菲藥廠品牌經理嬌生隱形眼鏡產品經理億滋國際品牌副理,國會研究室：02-2358-8115,國會研究室：100224台北市中正區濟南路1段3之1號2115室,http://www.ly.gov.tw//Images/Legislators/110055.jpg,否,,,
11,張嘉郡,CHANG CHIA-CHUN,女,中國國民黨,中國國民黨,全國不分區及僑居國外國民,第11屆第1會期：經濟委員會;第11屆第2會期：經濟委員會;,2024/02/01,國立政治大學國家發展研究所博士;英國南漢普頓大學國際關係碩士;英國倫敦大學國王學院企業管理系學士;英國凱特倫中學,國會研究室：02-2358-8178,中國國民黨中央政策會副執行長        中國國民黨中央評議委員         雲林縣青埔教育基金會董事長         中華民國婦女聯合會雲林縣分會主委         第七、八屆立法委員	立法院臺英國會議員聯誼會會長中國國民黨3任中常委全國青工總會總會長,國會研究室：02-2358-8179,國會研究室：100224台北市中正區濟南路1段3之1號0807室,http://www.ly.gov.tw//Images/Legislators/110056.jpg,否,,,
11,莊瑞雄,CHUANG JUI-HSIUNG,男,民主進步黨,民主進步黨,全國不分區及僑居國外國民,第11屆第1會期：司法及法制委員會;第11屆第1會期：程序委員會;第11屆第2會期：司法及法制委員會;第11屆第2會期：程序委員會;,2024/02/01,臺灣大學生物產業傳播暨發展學系 博士,國會研究室：02-2358-6368;屏東市服務處：08-755-7893;東港服務處：08-833-7893;恆春服務處：08-888-3893;琉球服務處：08-861-2347;枋寮服務處：0935-832618,第8.9.10.11屆立法委員公督盟評鑑優秀立委執業律師民進黨中常委、中執委、發言人第13.14屆民進黨台北市黨部主委第10.11屆台北市議員中華民國籃球協會顧問台灣國家山岳協會理事長綠色和平電台主持人,國會研究室：02-2358-6369;屏東市服務處：08-752-9315;東港服務處：08-833-9316;恆春服務處：08-889-9316,國會研究室：100224台北市中正區濟南路1段3之1號0702室;屏東市服務處：900003屏東縣屏東市自由路134號;東港服務處：928007屏東縣東港鎮光復路一段48號;恆春服務處：946004屏東縣恆春鎮北門路9號;琉球服務處：929003屏東縣琉球鄉中正路331號;枋寮服務處：940003屏東縣枋寮鄉德興路71號,http://www.ly.gov.tw//Images/Legislators/110057.jpg,否,,,
11,許宇甄,HsuYuChen,女,中國國民黨,中國國民黨,全國不分區及僑居國外國民,第11屆第1會期：內政委員會;第11屆第1會期：經費稽核委員會;第11屆第2會期：內政委員會;第11屆第2會期：經費稽核委員會;,2024/02/01,國立雲林科技大學企業管理所碩士 ;私立輔仁大學統計系學士,國會研究室：02-2358-6799,中國國民黨中央組發會主委雲林縣黨部主委 雲林縣政府工策會總幹事雲林縣婦聯會主委雲林縣婦工會榮譽總會長財團法人雲林縣雲萱基金會董事大學講師,國會研究室：02-2358-6800,國會研究室：100224台北市中正區濟南路1段3之1號0507室,http://www.ly.gov.tw//Images/Legislators/110058.jpg,否,,,
11,許智傑,HSUCHIH-CHIEH,男,民主進步黨,民主進步黨,高雄市第7選舉區,第11屆第1會期：交通委員會;第11屆第2會期：交通委員會;,2024/02/01,國立高雄師範大學教育學系碩士;台灣大學機械工程系學士;高雄市立高雄中學;高雄市立五甲國中;高雄市立五甲國小,國會研究室：02-2358-6621;鳳山服務處：07-768-1899,高雄師範大學教育所博士候選人第八、九、十屆立法委員民主進步黨中央黨部常務執行委員民主進步黨中央黨部執行委員立法院民主進步黨團書記長首任高雄市鳳山區區長第十屆鳳山市市長第十五屆高雄縣議員鳳山市第八屆市民代表高雄縣私立高旗高級工業家事職業學校教務主任、訓導主任、補教主任正修科技大學兼任助理教授和春技術學院兼任講師高雄市鳳山社區大學創辦人高雄市鳳山市民大學主任國家中山科學研究院製程及NC工程師,國會研究室：02-2358-6625;鳳山服務處：07-768-9900,國會研究室：100224台北市中正區濟南路1段3之1號0703室;鳳山服務處：830049高雄市鳳山區保泰路96號,http://www.ly.gov.tw//Images/Legislators/110059.jpg,否,,,
11,郭昱晴,Kuo Yu Ching,女,民主進步黨,民主進步黨,全國不分區及僑居國外國民,第11屆第1會期：教育及文化委員會;第11屆第1會期：程序委員會;第11屆第2會期：教育及文化委員會;第11屆第2會期：程序委員會;,2024/02/01,淡江大學法文系,國會研究室：02-2358-6686,袖珍藝術工作者、影視文化工作者（演員、主持人）、作家、生命教育講師,國會研究室：02-2358-6690,國會研究室：100224台北市中正區濟南路1段3之1號0505室,http://www.ly.gov.tw//Images/Legislators/110060.jpg,否,,,
11,郭國文,Kuo Kuo-Wen,男,民主進步黨,民主進步黨,臺南市第2選舉區,第11屆第1會期：財政委員會;第11屆第2會期：財政委員會;,2024/02/01,國立成功大學政治經濟研究所博士;國立台灣大學國家發展研究所碩士,國會研究室：02-2358-8311;善化服務處：06-585-1933,第十、九屆立法委員立法院亞東國會議員友好協會會長立法院民進黨黨團書記長行政院勞動部次長民進黨中常委大台南直轄市第一、二屆市議員台南縣政府行政管理處處長長榮大學助理教授任務型國民大會代表民進黨台南縣黨部主委,國會研究室：02-2358-8315;善化服務處：06-585-3303,國會研究室：100221台北市中正區青島東路1號3303室;善化服務處：741005臺南市善化區中正路188巷12-1號,http://www.ly.gov.tw//Images/Legislators/110061.jpg,否,,,
11,陳永康,CHEN YEONG-KANG,男,中國國民黨,中國國民黨,全國不分區及僑居國外國民,第11屆第1會期：外交及國防委員會;第11屆第2會期：外交及國防委員會;,2024/02/01,海軍官校1974年班;三軍大學海軍指揮參謀學院1985年班;美國海軍戰爭學院1997年班,國會研究室：02-2358-6036,國防部軍事代表團團長海軍168艦隊艦隊長海軍司令部作戰情報署署長國防部部長辦公室主任海軍艦隊司令部副司令國防部整合評估司主任海軍司令部參謀長海軍司令部副司令國防部副參謀總長國防大學校長國防部副參謀總長兼執行官海軍司令部司令國防部軍政副部長中科院董事,國會研究室：02-2358-6040,國會研究室：100221台北市中正區青島東路1號3103室,http://www.ly.gov.tw//Images/Legislators/110062.jpg,否,,,
11,陳玉珍,ChenYu-Jen,女,中國國民黨,中國國民黨,金門縣選舉區,第11屆第1會期：財政委員會;第11屆第1會期：程序委員會;第11屆第1會期：經費稽核委員會;第11屆第2會期：財政委員會;第11屆第2會期：經費稽核委員會;,2024/02/01,金城中小學莒光分部;金城國中;金門高中;台大中文系法律系輔系;日本九州大學國際公法法學碩士,國會研究室：02-2358-6098;金門服務處：082-320-706,北京大學國際經濟法法學碩士美國哈佛大學甘迺迪政府學院進修金門縣議會議長陳水木先生助理金門縣三屆縣議員立法院第九屆、第十屆立法委員立法院內政委員會召集委員立法院衛環委員會召集委員立法院國民黨團書記長國立金門大學兼任講師,國會研究室：02-2358-6100;金門服務處：082-311-288,國會研究室：100008台北市中正區青島東路10號3501室;金門服務處：893013金門縣金城鎮民權路27號,http://www.ly.gov.tw//Images/Legislators/110063.jpg,否,,,
11,陳秀寳,CHEN HSIU-PAO,女,民主進步黨,民主進步黨,彰化縣第1選舉區,第11屆第1會期：教育及文化委員會;第11屆第2會期：教育及文化委員會;,2024/02/01,建國科技大學二技;精誠高中;福興國中;西勢國小,國會研究室：02-2358-6881;鹿港服務處：04-775-6001,民進黨立法院黨團副書記長第10屆立法委員民進黨彰化縣議會黨團幹事長彰化縣議會第17、18、19屆縣議員鹿港國中家長會副團長立法委員陳進丁國會助理,國會研究室：02-2358-6140;鹿港服務處：04-775-6025,國會研究室：100224台北市中正區濟南路1段3之1號0601室;鹿港服務處：505006彰化縣鹿港鎮東石里鹽埕巷30-32號,http://www.ly.gov.tw//Images/Legislators/110064.jpg,否,,,
11,陳亭妃,CHEN TING-FEI,女,民主進步黨,民主進步黨,臺南市第3選舉區,第11屆第1會期：經濟委員會;第11屆第2會期：經濟委員會;,2024/02/01,協進國小;中山國中;家齊女中;文化大學;長榮大學經營管理碩士、博士,國會研究室：02-2358-6761;北區服務處：06-280-3906;安南區服務處：06-256-8012;中西區相談室：06-222-2012,新聞記者主播第14、15、16屆台南市議員第7、8、9、10、11屆立法委員立法院民進黨團正、副書記長、副幹事長立法院外交及國防召委立法院教育及文化召委民進黨台南市黨部主委民進黨中常委、中執委民進黨2014年市長選舉對策委員會委員凱達格蘭基金會董事長,國會研究室：02-2358-6755;北區服務處：06-358-6489;安南區服務處：06-256-0701,國會研究室：100224台北市中正區濟南路1段3之1號1101室;北區服務處：704026臺南市北區海安路三段963號;安南區服務處：709003臺南市安南區怡安路二段188號;中西區相談室：700008臺南市中西區青年路140號,http://www.ly.gov.tw//Images/Legislators/110065.jpg,否,,,
11,陳俊宇,CHUN YU CHEN,男,民主進步黨,民主進步黨,宜蘭縣選舉區,第11屆第1會期：司法及法制委員會;第11屆第2會期：司法及法制委員會;,2024/02/01,佛光大學公共事務學系碩士;蘭陽技術學院國際貿易科;宜蘭高商資料處理科;復興國中;大湖國小,國會研究室：02-2358-6666;宜蘭服務處：03-931-1666,民主進步黨全國主委聯誼會會長民主進步黨宜蘭縣黨部主委員山鄉農會常務監事宜蘭縣議員員山鄉民代表,國會研究室：02-2358-6670;宜蘭服務處：03-923-3868,國會研究室：100224台北市中正區濟南路1段3之1號0608室;宜蘭服務處：260011宜蘭縣宜蘭市中山路一段469號,http://www.ly.gov.tw//Images/Legislators/110066.jpg,否,,,
11,陳冠廷,Chen Kuan-Ting,男,民主進步黨,民主進步黨,嘉義縣第2選舉區,第11屆第1會期：外交及國防委員會;第11屆第2會期：外交及國防委員會;,2024/02/01,日本國立東京大學公共政策碩士;美國威斯康辛大學麥迪遜分校國際研究學士;嘉義縣私立協同高級中學,國會研究室：02-2358-8101,行政院政務顧問民主進步黨蔡英文主席特助翁章梁縣長競選團隊發言人台灣世代教育基金會執行長臺北市政府副發言人淡江大學外交與國際關係學系講師,國會研究室：02-2358-8105,國會研究室：100221台北市中正區青島東路1號3101室,http://www.ly.gov.tw//Images/Legislators/110067.jpg,否,,,
11,陳昭姿,Chen Gau-Tzu,女,台灣民眾黨,台灣民眾黨,全國不分區及僑居國外國民,第11屆第1會期：社會福利及衛生環境委員會;第11屆第2會期：社會福利及衛生環境委員會;,2024/02/01,藥師執照;日本慶應大學附設醫院進修;美國加州大學舊金山分校進修;國立臺灣大學醫學院藥學系,國會研究室：02-2358-8012,和信治癌中心醫院藥劑科主任財團法人藥害救濟基金會董事長台灣北社社長,國會研究室：02-2358-8015,國會研究室：100008台北市中正區青島東路10號3503室,http://www.ly.gov.tw//Images/Legislators/110068.jpg,否,,,
11,陳素月,ChenSu-Yueh,女,民主進步黨,民主進步黨,彰化縣第4選舉區,第11屆第1會期：交通委員會;第11屆第2會期：交通委員會;,2024/02/01,文化大學史學研究所碩士;文化大學史學系;台中女中;南投縣名間國中、僑興國小,國會研究室：02-2358-6691;員林服務處：04-832-8552;社頭服務處：04-872-5011,第8、9、10屆立法委員第16、17屆彰化縣議員立法委員魏明谷國會助理民主進步黨第10~16屆全國黨員代表國立空中大學講師財團法人拓展文教基金會執行長,國會研究室：02-2358-6695;員林服務處：04-835-3414;社頭服務處：04-872-0411,國會研究室：100224台北市中正區濟南路1段3之1號2109室;員林服務處：510006彰化縣員林市惠來里惠明街219號;社頭服務處：511001彰化縣社頭鄉員集路二段247巷60號,http://www.ly.gov.tw//Images/Legislators/110069.jpg,否,,,
11,陳培瑜,CHENPEI-YU,女,民主進步黨,民主進步黨,全國不分區及僑居國外國民,第11屆第1會期：教育及文化委員會;第11屆第2會期：教育及文化委員會;,2024/02/01,東華大學教育學研究所,國會研究室：02-2358-8221,作家現任民進黨立委凱風卡瑪兒童書店創辦人人本教育基金會講師親職教育講師推動親職關係經營及兒童閱讀工作者,國會研究室：02-2358-8225,國會研究室：100224台北市中正區濟南路1段3之1號0901室,http://www.ly.gov.tw//Images/Legislators/110070.jpg,否,,,
11,陳雪生,CHENHSUEN-SHENG,男,中國國民黨,中國國民黨,連江縣選舉區,第11屆第1會期：交通委員會;第11屆第2會期：交通委員會;,2024/02/01,省立豐原高級商業學校,國會研究室：02-2358-6631;南竿服務處：0836-25016,第八、九、十屆立法委員〈2012-2024〉連江縣第三、四屆縣長〈2001-2009〉第三屆國大代表〈1996-2000〉馬祖馬尾經貿交流協會理事長國立馬祖高中校友會理事長中國國民黨連江縣黨部主任委員連江縣體育會會長,國會研究室：02-2358-6635;南竿服務處：0836-25018,國會研究室：100224台北市中正區濟南路1段3之1號2107室;南竿服務處：209001連江縣南竿鄉介壽村237號,http://www.ly.gov.tw//Images/Legislators/110071.jpg,否,,,
11,陳菁徽,Ching-Hui Chen,女,中國國民黨,中國國民黨,全國不分區及僑居國外國民,第11屆第1會期：社會福利及衛生環境委員會;第11屆第2會期：社會福利及衛生環境委員會;第11屆第2會期：程序委員會;,2024/02/01,臺北醫學大學醫學系;國立臺灣大學碩士,國會研究室：02-2358-6896;高雄服務處：07-341-3361,美國約翰霍普金斯大學公衛碩士宜蘊醫療創辦人臺北醫學大學專任助理教授北醫附醫婦科主任,國會研究室：02-2358-6680;高雄服務處：07-341-2672,國會研究室：100224台北市中正區濟南路1段3之1號1002室;高雄服務處：813023高雄巿左營區新庄仔路425號,http://www.ly.gov.tw//Images/Legislators/110072.jpg,否,,,
11,陳超明,CHEN CHAO MING,男,無黨籍,中國國民黨,苗栗縣第1選舉區,第11屆第1會期：經濟委員會;第11屆第2會期：經濟委員會;,2024/02/01,國立政治大學公共行政系,國會研究室：02-2358-6611;竹南服務處：037-468-448,苗栗縣第12、13屆縣議員第10屆省議員第4、8、9、10屆立法委員總統府顧問行政院顧問前苗栗縣守望相助隊大隊長苗栗縣竹南后厝龍鳳宮主任委員立法院第9屆第2會期內政委員會、紀律委員會召集委員立法院第9屆第6、第8會期經濟委員會召集委員,國會研究室：02-2358-6615;竹南服務處：037-478-508,國會研究室：100224台北市中正區濟南路1段3之1號1003室;竹南服務處：350002苗栗縣竹南鎮環市路二段139號,http://www.ly.gov.tw//Images/Legislators/110073.jpg,否,,,
11,陳瑩,Chen Ying,女,民主進步黨,民主進步黨,平地原住民選舉區,第11屆第1會期：社會福利及衛生環境委員會;第11屆第2會期：社會福利及衛生環境委員會;,2024/02/01,美國伊利諾大學香檳校園音樂系碩士班畢業,國會研究室：02-2358-8276;臺東服務處：089-360-612;桃園服務處：03-380-5541,第六屆平地原住民立法委員第七屆不分區立法委員社會福利及衛生環境委員會召委第九、十屆平地原住民立法委員社會福利及衛生環境委員會召委公督盟第十屆第五會期立委評鑑特殊貢獻獎立法院民進黨團書記長民進黨中常委,國會研究室：02-2358-8280;臺東服務處：089-360-181;桃園服務處：03-380-141,國會研究室：100221台北市中正區青島東路1號3403室;臺東服務處：950021臺東縣臺東市傳廣路263號;桃園服務處：335002桃園市大溪區介壽路756號,http://www.ly.gov.tw//Images/Legislators/110074.jpg,否,,,
11,麥玉珍,MAIYU-CHEN,女,台灣民眾黨,台灣民眾黨,全國不分區及僑居國外國民,第11屆第1會期：內政委員會;第11屆第2會期：內政委員會;,2024/02/01,靜宜大學人文暨社會科學院;社會企業與文化創意碩士,國會研究室：02-2358-6581,社團法人台灣新移民協會創會長臺中市新住民委員會委員臺灣新住民黨黨主席,國會研究室：02-2358-6535,國會研究室：100224台北市中正區濟南路1段3之1號0808室,http://www.ly.gov.tw//Images/Legislators/110075.jpg,否,,,
11,傅崐萁,FU KUN-CHI,男,中國國民黨,中國國民黨,花蓮縣選舉區,第11屆第1會期：司法及法制委員會;第11屆第2會期：司法及法制委員會;,2024/02/01,淡江大學中國大陸研究所碩士,國會研究室：02-2358-6208;花蓮服務處：03-853-3328,2010-2018九連冠五星縣長第16、17屆花蓮縣長第5、6、7、10、11屆立法委員立法院全院聯席會主席立法院國民黨團總召集人立法院國防委員會召集人立法院預算委員會召集人立法院親民黨團總召集人立法院世界臺商之友會副會長,國會研究室：02-2358-6650;花蓮服務處：03-853-5598,國會研究室：100224台北市中正區濟南路1段3之1號0202室;花蓮服務處：973049花蓮縣吉安鄉中華路二段180號,http://www.ly.gov.tw//Images/Legislators/110076.jpg,否,,,
11,游錫堃,You Si-Kun,男,民主進步黨,民主進步黨,全國不分區及僑居國外國民,,2024/02/01,東海大學政治系畢業,三重服務處：02-8972-3788,自耕農台灣省議員宜蘭縣長行政院長民進黨圓山組黨策劃人兼大會主席民進黨黨主席台北藝術大學兼任教授致理科技大學榮譽教授立法院長,三重服務處：02-2973-8030,三重服務處：241012新北市三重區重新路四段91之1號3樓,http://www.ly.gov.tw//Images/Legislators/110077.jpg,是,2024/02/02,辭職,
11,游顥,YU HAO,男,中國國民黨,中國國民黨,南投縣第2選舉區,第11屆第1會期：交通委員會;第11屆第2會期：交通委員會;,2024/02/01,成功大學政治經濟研究所碩士;中正大學勞工關係系學士;中興高中;南投國中;平和國小,國會研究室：02-2358-8271,臺灣大學政治所博士班南投縣議員國民黨團發言人立法院副院長辦公室主任國民黨主席及秘書長辦公室主任、中常委陸軍蛙人(海龍蛙兵)南投救國團團友會會長南投體育會電競與街舞委員會主委南投社會優秀青年,國會研究室：02-2358-8265,國會研究室：100221台北市中正區青島東路1號3401室,http://www.ly.gov.tw//Images/Legislators/110078.jpg,否,,,
11,黃仁,Huang  Jen,男,中國國民黨,中國國民黨,平地原住民選舉區,第11屆第1會期：外交及國防委員會;第11屆第1會期：程序委員會;第11屆第2會期：外交及國防委員會;,2024/02/01,環球科技大學企管所碩士;環球科技大學企管系畢業;國防部空軍航空技術學校,國會研究室：02-2358-6266,第四屆直轄市臺中市議員 		第一、三屆直轄市臺中市議員 		第16屆臺中市議員						臺中市部落大學 校長						臺中市原住民體育總會 榮譽理事長 臺中市議會國民黨團 副書記長,國會研究室：02-2358-6270,國會研究室：100224台北市中正區濟南路1段3之1號0805室,http://www.ly.gov.tw//Images/Legislators/110079.jpg,否,,,
11,黃秀芳,HUANG SHIOU-FANG,女,民主進步黨,民主進步黨,彰化縣第2選舉區,第11屆第1會期：社會福利及衛生環境委員會;第11屆第2會期：社會福利及衛生環境委員會;,2024/02/01,靜宜大學外國語文學系畢業,國會研究室：02-2358-6256;彰化服務處：04-728-0980,第九、十屆立法委員立法院第 29 屆厚生會會長民進黨第 18 屆中央常務執行委員彰化縣第 16、17、18 屆議員民主進步黨全國黨代表立法委員周清玉服務處主任立法委員姚嘉文服務處助理關懷文教基金會執行長台灣關懷婦女協會理事長國立彰化師範大學 110EMBA,國會研究室：02-2358-6260;彰化服務處：04-728-1498,國會研究室：100224台北市中正區濟南路1段3之1號0407室;彰化服務處：500004彰化縣彰化市中正路一段477號,http://www.ly.gov.tw//Images/Legislators/110080.jpg,否,,,
11,黃建賓,Huang Chien-Pin,男,中國國民黨,中國國民黨,臺東縣選舉區,第11屆第1會期：內政委員會;第11屆第2會期：內政委員會;,2024/02/01,國立臺東大學身心整合與運動休閒產業學系碩士,國會研究室：02-2358-6846,臺東縣大武鄉公所約聘僱村幹事臺東縣大武鄉民代表會第19、20屆代表/主席臺東縣大武鄉公所第18、19屆鄉長,國會研究室：02-2358-6975,國會研究室：100224台北市中正區濟南路1段3之1號0305室,http://www.ly.gov.tw//Images/Legislators/110081.jpg,否,,,
11,黃珊珊,HuangShan Shan,女,台灣民眾黨,台灣民眾黨,全國不分區及僑居國外國民,第11屆第1會期：財政委員會;第11屆第2會期：財政委員會;,2024/02/01,台灣大學法律系,國會研究室：02-2358-6512,執業律師第8-12屆台北市議員台北市副市長,國會研究室：02-2358-6640,國會研究室：100224台北市中正區濟南路1段3之1號0701室,http://www.ly.gov.tw//Images/Legislators/110082.jpg,否,,,
11,黃健豪,HUANG CHIEN HAO,男,中國國民黨,中國國民黨,臺中市第5選舉區,第11屆第1會期：交通委員會;第11屆第2會期：交通委員會;,2024/02/01,國立台中一中;台北市立大學公共事務系;國立政治大學政治研究所碩士,國會研究室：02-2358-6911,盧秀燕市長競選總幹事台中市議員台中市議會國民黨團執行長台中市議會財經委員會副召集人國立暨南國際大學碩士學程講師經濟部秘書室秘書台中市飛盤委員會主委青年發展基金會副執行長國民黨發言人兼新媒體部主任國民黨青年團總團長兼中央常務委員,國會研究室：02-2358-6915,國會研究室：100224台北市中正區濟南路1段3之1號0907室,http://www.ly.gov.tw//Images/Legislators/110083.jpg,否,,,
11,黃國昌,HUANGKUO-CHANG,男,台灣民眾黨,台灣民眾黨,全國不分區及僑居國外國民,第11屆第1會期：司法及法制委員會;第11屆第2會期：司法及法制委員會;,2024/02/01,臺灣大學法律系學士;美國康乃爾大學法學博士,國會研究室：02-2358-6576;板橋服務處：02-2250-8050,前中央研究院法律學研究所研究員臺灣大學、台北大學兼任副教授美國傅爾布萊特獎訪問學人執業律師、司法官特考及格澄社社長台灣法學會理事、秘書長,國會研究室：02-2358-6580,國會研究室：100224台北市中正區濟南路1段3之1號1103室;板橋服務處：220019新北市板橋區雙十路一段6號,http://www.ly.gov.tw//Images/Legislators/110084.jpg,否,,,
11,黃捷,Huang Jie,女,民主進步黨,民主進步黨,高雄市第6選舉區,第11屆第1會期：內政委員會;第11屆第2會期：內政委員會;,2024/02/01,國立臺灣大學公共衛生學系及社會學系雙學士 ;高雄市立高雄女子高級中學 ;高雄市立陽明國中,國會研究室：02-2358-6111;高雄服務處：07-710-1230,第三、四屆高雄市議員國立臺灣大學環境衛生研究所碩士班 國立臺灣大學性別平等委員會委員國立臺灣大學公共衛生學院研究助理國家衛生研究院研究助理立法院法案助理 環境線與政治線記者高雄市嘉義同鄉會顧問高雄市屏東同鄉會理事高雄市木球協會顧問黃氏宗親會顧問鳳山國際青年商會顧問,國會研究室：02-2358-6115;高雄服務處：07-710-1312,國會研究室：100221台北市中正區青島東路1號3206室;高雄服務處：801006高雄巿前金區中正四路171號,http://www.ly.gov.tw//Images/Legislators/110085.jpg,否,,,
11,楊曜,Yang Yao,男,民主進步黨,民主進步黨,澎湖縣選舉區,第11屆第1會期：社會福利及衛生環境委員會;第11屆第2會期：社會福利及衛生環境委員會;,2024/02/01,東海大學法律系畢業,國會研究室：02-2358-6736;澎湖服務處：06-921-8678,民主進步黨澎湖縣黨部主委澎湖縣議員立法委員 ( 第八、九、十屆 ),國會研究室：02-2358-6740;澎湖服務處：06-921-1317,國會研究室：100224台北市中正區濟南路1段3之1號0205室;澎湖服務處：880009澎湖縣馬公市新店路473號,http://www.ly.gov.tw//Images/Legislators/110086.jpg,否,,,
11,楊瓊瓔,YANGCHIUNG-YING,女,中國國民黨,中國國民黨,臺中市第3選舉區,第11屆第1會期：經濟委員會;第11屆第2會期：經濟委員會;,2024/02/01,東海大學社會學系畢業;東海大學公共事務碩士;亞洲大學健康產業管理學系博士,國會研究室：02-2358-8006;大雅服務處：04-2568-5512,立法院第四、五、六、七、八、十屆立法委員臺中市副市長立法院國民黨團書記長立法院財政、經濟、教育及文化委員會召集委員立法院中美洲議會觀察員臺灣省議會第九、十屆省議員國民黨副秘書長、中央常務委員、婦工會主任,國會研究室：02-2358-8010;大雅服務處：04-2568-2112,國會研究室：100224台北市中正區濟南路1段3之1號2108室;大雅服務處：428004台中市大雅區學府路405號,http://www.ly.gov.tw//Images/Legislators/110087.jpg,否,,,
11,萬美玲,WanMei-Ling,女,中國國民黨,中國國民黨,桃園市第4選舉區,第11屆第1會期：教育及文化委員會;第11屆第2會期：教育及文化委員會;,2024/02/01,政治大學行政管理碩士;美國明尼蘇達州立曼徹普立敦大學,國會研究室：02-2358-6156;桃園服務處：03-2288-959,第10屆立法委員立法院教育及文化委員會召委國民黨立法院黨團書記長桃園縣第15、16、17屆縣議員桃園市第1、2屆市議員中山國小家長會長桃園市家長會長協會理事長兒少保護協會理事長女青年會理事長婦女企管協會理事長江西同鄉會理事長嘉義同鄉會副理事長雲林同鄉會副理事長,國會研究室：02-2358-6160;桃園服務處：03-2288-956,國會研究室：100224台北市中正區濟南路1段3之1號0406室;桃園服務處：330060桃園巿桃園區力行路662巷21號,http://www.ly.gov.tw//Images/Legislators/110088.jpg,否,,,
11,葉元之,YEH YUAN-CHIH,男,中國國民黨,中國國民黨,新北市第7選舉區,第11屆第1會期：教育及文化委員會;第11屆第2會期：教育及文化委員會;,2024/02/01,師大教育學博士;台大法學碩士、美國南加大傳播管理碩士;台大政治學學士、台大文學學士,國會研究室：02-2358-6766,新北市議員台藝大助理教授財團法人流浪動物之家基金會董事新北市政府副發言人、新聞局主任祕書紐約明報記者外商飛利浦經理老吾老基金會顧問,國會研究室：02-2358-6905,國會研究室：100224台北市中正區濟南路1段3之1號2112室,http://www.ly.gov.tw//Images/Legislators/110089.jpg,否,,,
11,葛如鈞,KO JU-CHUN,男,中國國民黨,中國國民黨,全國不分區及僑居國外國民,第11屆第1會期：教育及文化委員會;第11屆第1會期：程序委員會;第11屆第2會期：教育及文化委員會;第11屆第2會期：程序委員會;,2024/02/01,國立臺灣大學資訊網路與多媒體研究所資訊工程學博士,國會研究室：02-2358-6126,國立臺灣大學資訊網路與多媒體研究所兼任助理教授國立臺北科技大學互動設計系專任助理教授,國會研究室：02-2358-6130,國會研究室：100224台北市中正區濟南路1段3之1號0506室,http://www.ly.gov.tw//Images/Legislators/110090.jpg,否,,,
11,廖先翔,LIAO Hsien Hsiang,男,中國國民黨,中國國民黨,新北市第12選舉區,第11屆第1會期：交通委員會;第11屆第1會期：程序委員會;第11屆第2會期：交通委員會;第11屆第2會期：程序委員會;,2024/02/01,汐止區崇德國民小學;時雨中學;台北市立松山高級中學;元智大學電機工程學系;國立政治大學行政管理碩士,國會研究室：02-2358-6066;汐止服務處：02-2642-2288,新北市議會第三、四屆市議員新北市議會中國國民黨黨團書記長新北市汐止區體育會理事長,國會研究室：02-2358-6070;汐止服務處：02-8691-8262,國會研究室：100224台北市中正區濟南路1段3之1號0308室;汐止服務處：221030新北巿汐止區秀峰路60號2樓,http://www.ly.gov.tw//Images/Legislators/110091.jpg,否,,,
11,廖偉翔,LIAOWEI-HSIANG,男,中國國民黨,中國國民黨,臺中市第4選舉區,第11屆第1會期：社會福利及衛生環境委員會;第11屆第2會期：社會福利及衛生環境委員會;,2024/02/01,輔仁大學企業管理學系,國會研究室：02-2358-8246,國民黨發言人台中市政府市政顧問前台中市長胡志強辦公室主任台中市議員黃馨慧服務團隊執行長,國會研究室：02-2358-6745,國會研究室：100224台北市中正區濟南路1段3之1號0206室,http://www.ly.gov.tw//Images/Legislators/110092.jpg,否,,,
11,劉建國,Liu  Chien-Kuo,男,民主進步黨,民主進步黨,雲林縣第2選舉區,第11屆第1會期：社會福利及衛生環境委員會;第11屆第2會期：社會福利及衛生環境委員會;,2024/02/01,南華大學管理學院旅遊管理學碩士,國會研究室：02-2358-8088;斗六服務處：05-534-2586;西螺服務處：05-587-3586;斗南服務處：05-595-3586;古坑服務處：05-582-9559,立法院第七～十屆立法委員立法院司法與法制委員會召委立法院社會福利及衛生環境委員會召委立法院厚生會會長民進黨議會黨團召集人暨第十五、十六屆議員、議會教育及預算小組召集人第六屆斗六市民代表雲林縣體育會副理事長雲林縣棒球委員會主委雲林縣社會關懷協會創會理事長,國會研究室：02-2358-8089;斗六服務處：05-532-2270;斗南服務處：05-595-1270;古坑服務處：05-582-9559,國會研究室：100224台北市中正區濟南路1段3之1號0602室;斗六服務處：640101雲林縣斗六市公明路3號;西螺服務處：648003雲林縣西螺鎮中正路222號;斗南服務處：630041雲林縣斗南鎮東光二街20號;古坑服務處：646010雲林縣古坑鄉新生路11-1號,http://www.ly.gov.tw//Images/Legislators/110093.jpg,否,,,
11,蔡其昌,TSAI CHI-CHANG,男,民主進步黨,民主進步黨,臺中市第1選舉區,第11屆第1會期：交通委員會;第11屆第2會期：交通委員會;,2024/02/01,清水國小、沙鹿國中、清水高中;東海大學歷史學系;東海大學歷史研究所碩士;國立中興大學ＥＭＢＡ財金組碩士;國立中興大學財金系博士班;泰國國立湄洲大學觀光發展榮譽博士,國會研究室：02-2358-6151;清水服務處：04-2623-8581;大甲服務處：04-2688-7555,立法院第9、10屆副院長立法院第6、8、9、10屆立法委員中華職棒大聯盟會長中興大學校友總會理事長靜宜大學中文系講師臺中縣政府民政局局長臺中縣政府工業策進會總幹事,國會研究室：02-2358-6155;清水服務處：04-2623-8583;大甲服務處：04-2688-9123,國會研究室：100221台北市中正區青島東路1號3306室;清水服務處：436045臺中市清水區中華路448號;大甲服務處：437006臺中市大甲區文武路274號,http://www.ly.gov.tw//Images/Legislators/110094.jpg,否,,,
11,蔡易餘,TSAI YI-YU,男,民主進步黨,民主進步黨,嘉義縣第1選舉區,第11屆第1會期：經濟委員會;第11屆第2會期：經濟委員會;,2024/02/01,台灣大學財經法律學系,國會研究室：02-2358-6388;朴子服務處：05-370-8518;水上服務處：05-268-6860,萬國法律事務所律師民主進步黨中央執行委員台灣陪審團協會理事凱達格蘭基金會理事小英教育基金會顧問民主進步黨嘉義縣黨部主委第九、十屆立法委員,國會研究室：02-2358-6385;朴子服務處：05-370-8519;水上服務處：05-268-6863,國會研究室：100224台北市中正區濟南路1段3之1號0707室;朴子服務處：613002嘉義縣朴子市文化北路120號;水上服務處：608017嘉義縣水上鄉水頭村中興路183號,http://www.ly.gov.tw//Images/Legislators/110095.jpg,否,,,
11,鄭天財Sra Kacaw,Jeng Tian-Tsair,男,中國國民黨,中國國民黨,平地原住民選舉區,第11屆第1會期：經濟委員會;第11屆第2會期：經濟委員會;,2024/02/01,花蓮縣瑞美國小;瑞穗國中;花蓮高中;國立臺灣大學法律系畢業,國會研究室：02-2358-6831;花蓮服務處：03-851-2306,省府法規會編審省原民局副局長省原住民事務委員會副主委行政院原住民族委員會教文處處長社福處處長企劃處處長、副主任委員省政府副秘書長考試院頒發九十一年公務人員傑出貢獻獎第八、九、十屆立法委員21世紀基金會國會評鑑第九屆優質立委,國會研究室：02-2358-6835;花蓮服務處：03-851-3306,國會研究室：100224台北市中正區濟南路1段3之1號0307室;花蓮服務處：973039花蓮縣吉安鄉南昌村南昌路90號,http://www.ly.gov.tw//Images/Legislators/110096.jpg,否,,,
11,鄭正鈐,ChengCheng-Chien,男,中國國民黨,中國國民黨,新竹市選舉區,第11屆第1會期：經濟委員會;第11屆第2會期：經濟委員會;,2024/02/01,中華大學科技管理研究所博士;政治大學東亞研究所碩士;政治大學新聞系/外交系;新竹中學/培英國中/曙光小學/東園國小,國會研究室：02-2358-8121;新竹服務處：03-562-3699,中華民國第十屆立法委員新竹市議會第6、7、8、9、10屆市議員國民黨中央組發會副主委國民黨第18、19、20屆中央委員國民黨新竹市青工總會長國民黨新竹市黨部副主任委員玄奘大學、中華大學助理教授工商時報記者,國會研究室：02-2358-8125;新竹服務處：03-562-8105,國會研究室：100221台北市中正區青島東路1號3106室;新竹服務處：300031新竹市東區公園路148號,http://www.ly.gov.tw//Images/Legislators/110097.jpg,否,,,
11,魯明哲,Lu Ming-Che,男,中國國民黨,中國國民黨,桃園市第3選舉區,第11屆第1會期：交通委員會;第11屆第2會期：交通委員會;,2024/02/01,元智大學管理碩士;政治大學企管學士,國會研究室：02-2358-6681;中壢市區服務處：03-425-2121;中壢龍岡服務處：03-456-1510,現任立法委員第12屆中壢市長第1、2屆桃園市議員第15、16屆桃園縣議員第9屆中壢市民代表,國會研究室：02-2358-6685;中壢市區服務處：03-422-6566;中壢龍岡服務處：03-436-1457,國會研究室：100224台北市中正區濟南路1段3之1號1107室;中壢市區服務處：320675桃園市中壢區環北路398號5樓之7;中壢龍岡服務處：320038桃園市中壢區龍東路932之2號,http://www.ly.gov.tw//Images/Legislators/110098.jpg,否,,,
11,盧縣一,LU Hsien-Yi,男,中國國民黨,中國國民黨,山地原住民選舉區,第11屆第1會期：社會福利及衛生環境委員會;第11屆第2會期：社會福利及衛生環境委員會;,2024/02/01,國立屏東高級中學;高雄醫學院醫學系,國會研究室：02-2358-6356;屏東服務處：08-770-5225,衛生福利部屏東醫院主治醫師屏東縣春日鄉衛生所主任屏東縣枋寮鄉衛生所主任屏東縣霧臺鄉衛生所主任,國會研究室：02-2358-6185,國會研究室：100224台北市中正區濟南路1段3之1號0501室;屏東服務處：903004屏東縣瑪家鄉三和村美園37-55號,http://www.ly.gov.tw//Images/Legislators/110099.jpg,否,,,
11,賴士葆,Lai Shyh-Bao,男,中國國民黨,中國國民黨,臺北市第8選舉區,第11屆第1會期：財政委員會;第11屆第2會期：財政委員會;,2024/02/01,美國南加州大學工業與系統工程碩士、博士;國立政治大學企管所碩士;國立成功大學機械系學士,國會研究室：02-2358-8166;文山服務處：02-2935-5358,第三屆國民大會代表第四屆、第六屆、第七屆、第八屆、第九屆、第十屆立法委員中國國民黨中央委員會政策委員會執行長台北市政府市政顧問團總召集人台北市政府經濟發展委員會副總召集人、首席顧問台北市政府花博顧問考試院典試委員國立政治大學企研所所長、教授,國會研究室：02-2358-8170;文山服務處：02-2930-0945,國會研究室：100221台北市中正區青島東路1號3110室;文山服務處：116051台北市文山區景興路254號,http://www.ly.gov.tw//Images/Legislators/110100.jpg,否,,,
11,賴惠員,LAI HUI-YUAN,女,民主進步黨,民主進步黨,臺南市第1選舉區,第11屆第1會期：財政委員會;第11屆第1會期：經費稽核委員會;第11屆第2會期：財政委員會;第11屆第2會期：經費稽核委員會;,2024/02/01,國立中正大學政治所碩士;國立嘉義大學獸醫科,國會研究室：02-2358-6906;新營服務處：06-657-1515,台南市第十屆立法委員台南市第一屆議員台南市第二屆議員,國會研究室：02-2358-6910;新營服務處：06-657-1212,國會研究室：100224台北市中正區濟南路1段3之1號0603室;新營服務處：730021台南市新營區新進路二段180號,http://www.ly.gov.tw//Images/Legislators/110101.jpg,否,,,
11,賴瑞隆,LaiJui-Lung,男,民主進步黨,民主進步黨,高雄市第8選舉區,第11屆第1會期：經濟委員會;第11屆第2會期：經濟委員會;,2024/02/01,台灣大學國家發展研究所碩士;東吳大學政治學系,國會研究室：02-2358-6888;前鎮服務處：07-751-0006;小港服務處：07-806-1685,立法委員民進黨中評會主委民進黨立法院黨團副幹事長立法院內政委員會召委、經濟委員會召委高雄市政府海洋局局長、新聞局局長、觀光局主任秘書、建設局專門委員黃色小鴨策展人、五月天代言推手、2009年高雄世運會執行秘書行政院勞委會專員、行政院新聞局簡任秘書,國會研究室：02-2358-6280;前鎮服務處：07-721-3391;小港服務處：07-806-0737,國會研究室：100224台北市中正區濟南路1段3之1號1102室;前鎮服務處：806009高雄市前鎮區和平二路236號;小港服務處：812019高雄市小港區宏平路578號,http://www.ly.gov.tw//Images/Legislators/110102.jpg,否,,,
11,謝衣鳯,HSIEH YI-FONG,女,中國國民黨,中國國民黨,彰化縣第3選舉區,第11屆第1會期：經濟委員會;第11屆第2會期：經濟委員會;,2024/02/01,國立政治大學經濟學系博士,國會研究室：02-2358-6031;溪州服務處：04-889-4123;溪湖服務處：04-882-2211;二林服務處：04-895-5288,立法院第十屆立法委員立法院第十屆第四、五會期經濟委員會召委立法院第十屆第七會期司法及法制委員會召委國民黨立院黨團第六會期首席副書記長國民黨立院黨團第七、八會期書記長國民黨第 20、21 屆中常委國民黨副秘書長政治大學經濟系友會理事長,國會研究室：02-2358-6035;溪州服務處：04-889-8399;溪湖服務處：04-882-9977;二林服務處：04-895-5289,國會研究室：100224台北市中正區濟南路1段3之1號0201室;溪州服務處：524006彰化縣溪州鄉中山路三段270巷5號;溪湖服務處：514013彰化縣溪湖鎮東環路320號;二林服務處：526003彰化縣二林鎮後厝里太平路一段88巷86號,http://www.ly.gov.tw//Images/Legislators/110103.jpg,否,,,
11,謝龍介,HSIEH LUNG-CHIEH,男,中國國民黨,中國國民黨,全國不分區及僑居國外國民,第11屆第1會期：司法及法制委員會;第11屆第2會期：司法及法制委員會;,2024/02/01,成功大學高階管理碩士EMBA,國會研究室：02-2358-6591;臺南服務處：06-226-8268,中國國民黨中常委中國國民黨副秘書長中國國民黨國民黨文傳會發言人中國國民黨臺南市黨部主委總統候選人馬蕭、馬吳全國競選總部發言人總統候選人朱立倫全國競選總部發言人臺南市市議員,國會研究室：02-2358-6595;臺南服務處：06-226-8269,國會研究室：100224台北市中正區濟南路1段3之1號0402室;臺南服務處：704018台南巿北區海安路三段20號,http://www.ly.gov.tw//Images/Legislators/110104.jpg,否,,,
11,鍾佳濱,CHIA-PIN CHUNG,男,民主進步黨,民主進步黨,屏東縣第1選舉區,第11屆第1會期：司法及法制委員會;第11屆第2會期：司法及法制委員會;,2024/02/01,國立屏東科技大學研究所;國立臺灣大學歷史系;屏東高中;明正國中;仁愛國小,國會研究室：02-2358-6626;屏東服務處：08-733-6599;屏東內埔服務處：08-778-9101,第9、10、11屆立法委員第10屆第一會期民主進步黨書記長 修憲委員會召委第10屆財政委員會召委第9屆教育委員會召委屏東縣副縣長第三屆國民大會代表行政院文化建設委員會參事屏東縣臺大校友會理事長廢除刑法100行動聯盟野百合世代學運領袖,國會研究室：02-2358-6630;屏東服務處：08-733-6988;屏東內埔服務處：08-779-4661,國會研究室：100224台北市中正區濟南路1段3之1號0403室;屏東服務處：900041屏東縣屏東市自立路126巷3號2樓;屏東內埔服務處：912015屏東縣內埔鄉東寧村北寧路10號,http://www.ly.gov.tw//Images/Legislators/110105.jpg,否,,,
11,韓國瑜,Kuo-Yu Han,男,中國國民黨,中國國民黨,全國不分區及僑居國外國民,第11屆第1會期：外交及國防委員會;第11屆第2會期：外交及國防委員會;,2024/02/01,東吳大學英國語文學系文學士學位;政治大學東亞研究所法學碩士,院長室：02-2358-6011,典亮慈善基金會董事長高雄市市長台北農產公司總經理立法委員（第二、三、四屆）台北縣議員,院長室：02-2395-5317,院長室：100220台北市中正區中山南路1號,http://www.ly.gov.tw//Images/Legislators/110106.jpg,否,,,
11,顏寬恒,Yen Kuan Heng,男,中國國民黨,中國國民黨,臺中市第2選舉區,第11屆第1會期：財政委員會;第11屆第2會期：財政委員會;,2024/02/01,˙建國工專機械工程科;˙中華大學行政管理研究所碩士;˙美國多明尼肯大學企管碩士,國會研究室：02-2358-6711,立法院第8、9屆立法委員龍井國小榮譽會長臺中市救國團團委會指導委員財團法人台中市恒心社會福利慈善事業基金會董事長財團法人祥和文教基金會董事臺中市青溪總會總會長臺中市沙鹿中正獅子會16-17會長中華民國法警協會榮譽理事長,國會研究室：02-2358-6715,國會研究室：100008台北市中正區青島東路10號3506室,http://www.ly.gov.tw//Images/Legislators/110107.jpg,否,,,
11,羅廷瑋,Ting-Wei Lo,男,中國國民黨,中國國民黨,臺中市第6選舉區,第11屆第1會期：教育及文化委員會;第11屆第1會期：程序委員會;第11屆第2會期：教育及文化委員會;,2024/02/01,信義國小;四育國中;宜寧高級高中;國立勤益科技大學;國立中興大學國家政策與公共事務研究所,國會研究室：02-2358-6116,臺中市議員（第三屆、第四屆）中央國際同濟會第44屆會長科丁聯盟台中分會會長臺中市南區救國團副會長臺中市象棋協會理事長台中市後備軍人指揮部輔導員台中市嬰幼兒福利聯合會顧問臺中市托育人員發展協會榮譽顧問盧秀燕市長競選總部發言人,國會研究室：02-2358-6355,國會研究室：100224台北市中正區濟南路1段3之1號2106室,http://www.ly.gov.tw//Images/Legislators/110108.jpg,否,,,
11,羅明才,Loming-tsai,男,中國國民黨,中國國民黨,新北市第11選舉區,第11屆第1會期：財政委員會;第11屆第2會期：財政委員會;,2024/02/01,致理技術學院(現改制科技大學)企業管理系畢;美國華盛頓城市大學企業管理學碩士,國會研究室：02-2358-6776;新店服務處：02-2915-7788,二屆國民大會代表立法院四~十屆立法委員立法院財政委員會召集委員立法院經濟委員會召集委員臺北縣體育會理事長臺北縣彰化同鄉會理事長,國會研究室：02-2358-6780;新店服務處：02-2911-1448,國會研究室：100224台北市中正區濟南路1段3之1號1106室;新店服務處：231022新北市新店區中正路54巷8號1樓,http://www.ly.gov.tw//Images/Legislators/110109.jpg,否,,,
11,羅美玲,LohMeei-Ling,女,民主進步黨,民主進步黨,全國不分區及僑居國外國民,第11屆第1會期：外交及國防委員會;第11屆第2會期：外交及國防委員會;,2024/02/01,馬來西亞馬六甲培風中學畢業;國立臺灣師範大學地理系畢業;靜宜大學EMBA經營管理碩士畢業;國立彰化師範大學財務金融技術學系博士班,國會研究室：02-2358-8558;南投服務處：049-220-8888,社團法人南投縣家庭照顧者關懷協會執行長社團法人南投縣新媳婦關懷協會理事長台灣新住民權益關懷協會理事長行政院新住民事務協調會報委員立法院第10屆不分區立委南投縣議會第18、19屆議員,國會研究室：02-2358-8555;南投服務處：049-220-4888,國會研究室：100224台北市中正區濟南路1段3之1號1008室;南投服務處：540019南投市民族路5號2樓,http://www.ly.gov.tw//Images/Legislators/110110.jpg,否,,,
11,羅智強,LO CHIH CHIANG,男,中國國民黨,中國國民黨,臺北市第6選舉區,第11屆第1會期：司法及法制委員會;第11屆第2會期：司法及法制委員會;,2024/02/01,國立政治大學法律學系碩士,國會研究室：02-2358-6291;大安服務處：02-2700-3663,總統府副秘書長總統府發言人大安文山台北市議員哈佛大學訪問學人中央社副社長革命實踐研究院院長,國會研究室：02-2358-6295;大安服務處：02-2700-3664,國會研究室：100224台北市中正區濟南路1段3之1號0405室;大安服務處：106098台北巿大安區復興南路二段133號6樓,http://www.ly.gov.tw//Images/Legislators/110111.jpg,否,,,
11,蘇巧慧,SuChiao-Hui,女,民主進步黨,民主進步黨,新北市第5選舉區,第11屆第1會期：內政委員會;第11屆第2會期：內政委員會;,2024/02/01,美國賓州大學法律碩士;美國波士頓大學法律碩士;台大法律系司法組;北一女中,國會研究室：02-2358-6191;樹林服務處：02-2684-2522;鶯歌服務處：02-2678-3368;新莊西盛服務處：02-2204-1638,第九屆、第十屆立法委員民主進步黨中常委、中執委民主進步黨立法院黨團副幹事長立法院厚生會秘書長立法院聯合國永續發展目標策進會首席副會長臺灣國會新媒體暨影視音發展促進會副會長新北市屏東同鄉會副理事長超越基金會執行長萬國法律事務所律師,國會研究室：02-2358-6195;樹林服務處：02-2684-2533;鶯歌服務處：02-2678-2268;新莊西盛服務處：02-2204-9636,國會研究室：100224台北市中正區濟南路1段3之1號1007室;樹林服務處：238009新北市樹林區大安路499號;鶯歌服務處：239005新北市鶯歌區文化路175號1樓;新莊西盛服務處：242070新北市新莊區民安西路319號,http://www.ly.gov.tw//Images/Legislators/110112.jpg,否,,,
11,蘇清泉,SU CHING CHUAN,男,中國國民黨,中國國民黨,全國不分區及僑居國外國民,第11屆第1會期：社會福利及衛生環境委員會;第11屆第2會期：社會福利及衛生環境委員會;,2024/02/01,中山醫學大學醫學士、碩士、博士,國會研究室：02-2358-6706,中華民國醫師公會全國聯合會理事長中華民國區域醫學協會理事長台灣私立醫療院所協會理事長安泰醫療社團法人安泰醫院榮譽院長中國國民黨政策會副執行長         中國國民黨屏東縣黨部主委中華民國第八屆立法委員中國國民黨中央委員,國會研究室：02-2358-6510,國會研究室：100224台北市中正區濟南路1段3之1號0705室,http://www.ly.gov.tw//Images/Legislators/110113.jpg,否,,,
11,王正旭,WANGCHENG-HSU,男,民主進步黨,民主進步黨,全國不分區及僑居國外國民,第11屆第1會期：社會福利及衛生環境委員會;第11屆第1會期：程序委員會;第11屆第2會期：社會福利及衛生環境委員會;第11屆第2會期：程序委員會;,2024/02/19,私立中國醫藥學院醫學系;國立陽明大學公共衛生研究所博士,國會研究室：02-2358-8106,基隆長庚醫院血液腫瘤科主治醫師長庚大學醫學院教授前癌症希望基金會董事長,國會研究室：02-2358-8110,國會研究室：100221台北市中正區青島東路1號3402室,http://www.ly.gov.tw//Images/Legislators/110114.jpg,否,,,
11,王義川,WANG YI-CHUAN,男,民主進步黨,民主進步黨,全國不分區及僑居國外國民,第11屆第2會期：外交及國防委員會;,2024/12/02,國立臺灣大學土木工程研究所交通組碩士、博士;國立臺灣大學土木工程學系,國會研究室：02-2358-6789,台中市政府交通局長財團法人台灣智庫董事、策略長桃園航空城公司董事長台灣觀光協會秘書長,國會研究室：02-2358-6790,國會研究室：100008台北市中正區青島東路10號3502室,http://www.ly.gov.tw//Images/Legislators/110115.jpg,否,,,
